untrain_x,untrain_y
0,2.2338748e-06
1.00000000000016,8.7337956e-06
1.99999999999996,1.8921032e-05
3.00000000000011,3.1884934e-05
3.99999999999991,4.6473974e-05
5.00000000000007,6.1389836e-05
5.99999999999987,7.5304833e-05
7.00000000000003,8.6982686e-05
7.99999999999983,9.5387941e-05
8.99999999999999,9.9778582e-05
10.0000000000001,9.9767354e-05
10.9999999999999,9.5355402e-05
12.0000000000001,8.6939543e-05
12.9999999999999,7.5266598e-05
14.0000000000001,6.137384e-05
14.9999999999999,4.6489786e-05
16,3.1935303e-05
17.0000000000002,1.8996016e-05
18,8.8145303e-06
19.0000000000001,2.2914817e-06
19.9999999999999,2.6328271e-09
21.0000000000001,2.1494809e-06
21.9999999999999,8.5424803e-06
23,1.8619187e-05
23.9999999999998,3.1493938e-05
25,4.6034585e-05
26.0000000000002,6.0966932e-05
27,7.4981661e-05
28.0000000000001,8.6849986e-05
28.9999999999999,9.5536468e-05
30.0000000000001,0.00010028127
30.9999999999999,0.00010067288
32,9.6678582e-05
32.9999999999998,8.8650071e-05
34,7.7292605e-05
35.0000000000001,6.3599946e-05
35.9999999999999,4.8769055e-05
37.0000000000001,3.4094288e-05
37.9999999999999,2.0855236e-05
39.0000000000001,1.0206052e-05
39.9999999999999,3.0740282e-06
41,7.9481272e-08
42.0000000000002,1.4825205e-06
43,7.1613616e-06
44.0000000000001,1.6623328e-05
44.9999999999999,2.9048727e-05
46.0000000000001,4.3360755e-05
46.9999999999999,5.8321508e-05
48,7.2637582e-05
48.9999999999998,8.5072923e-05
50,9.4554054e-05
51.0000000000002,0.00010026603
52,0.0001017173
53.0000000000001,9.8786102e-05
53.9999999999999,9.1727999e-05
55.0000000000001,8.1154262e-05
55.9999999999999,6.7977175e-05
57,5.3332422e-05
57.9999999999998,3.8481354e-05
59,2.4700304e-05
60.0000000000001,1.3173836e-05
60.9999999999999,4.8912667e-06
62.0000000000001,5.6331052e-07
62.9999999999999,5.6092062e-07
64.0000000000001,4.8843432e-06
64.9999999999999,1.3163832e-05
66,2.4691642e-05
67.0000000000002,3.8483528e-05
68,5.336302e-05
69.0000000000001,6.8061668e-05
69.9999999999999,8.1327765e-05
71.0000000000001,9.2032769e-05
71.9999999999999,9.9268295e-05
73,0.00010242053
73.9999999999998,0.00010122483
75,9.5785815e-05
76.0000000000002,8.6567774e-05
77,7.4355885e-05
78.0000000000001,6.0188427e-05
78.9999999999999,4.5267838e-05
80.0000000000001,3.0859443e-05
80.9999999999999,1.8184192e-05
82,8.3147102e-06
82.9999999999998,2.0857053e-06
84,2.3544244e-08
85.0000000000001,2.3024495e-06
85.9999999999999,8.7303238e-06
87.0000000000001,1.8765633e-05
87.9999999999999,3.156345e-05
89.0000000000001,4.6047377e-05
89.9999999999999,6.0999915e-05
91,7.5165967e-05
92.0000000000002,8.7357376e-05
93,9.6552936e-05
94.0000000000001,0.00010198399
94.9999999999999,0.00010319797
96.0000000000001,0.00010009616
96.9999999999999,9.2941069e-05
98,8.2334168e-05
98.9999999999998,6.9164843e-05
100,5.4535624e-05
101,3.9669813e-05
102,2.5808907e-05
103,1.410972e-05
104,5.5476995e-06
105,8.3610834e-07
106,3.6718974e-07
107,4.1800549e-06
108,1.1958064e-05
109,2.3055741e-05
110,3.6552831e-05
111,5.1330942e-05
112,6.6166878e-05
113,7.9833813e-05
114,9.1203108e-05
115,9.9336882e-05
116,0.00010356578
117,0.00010354347
118,9.9274833e-05
119,9.1114602e-05
120,7.9738092e-05
121,6.6084721e-05
122,5.1280165e-05
123,3.6543733e-05
124,2.3087706e-05
125,1.2018209e-05
126,4.2442152e-06
127,4.0371057e-07
128,8.1161485e-07
129,5.4346572e-06
130,1.3894678e-05
131,2.5500237e-05
132,3.930331e-05
133,5.41777e-05
134,6.8910825e-05
135,8.2302846e-05
136,9.3264473e-05
137,0.00010090547
138,0.00010460666
139,0.00010406988
140,9.9341876e-05
141,9.0809371e-05
142,7.9167767e-05
143,6.5363757e-05
144,5.0518263e-05
145,3.5835302e-05
146,2.2504767e-05
147,1.1605754e-05
148,4.0197478e-06
149,3.5986402e-07
150,9.2168251e-07
151,5.6600273e-06
152,1.4193218e-05
153,2.5834368e-05
154,3.9647095e-05
155,5.4521513e-05
156,6.9263352e-05
157,8.2690529e-05
158,9.3727384e-05
159,0.00010149117
160,0.00010536233
161,0.00010503387
162,0.000100535
163,9.2228622e-05
164,8.0781157e-05
165,6.7109527e-05
166,5.2307145e-05
167,3.7556484e-05
168,2.403448e-05
169,1.2819252e-05
170,4.8040633e-06
171,6.2681706e-07
172,6.1974515e-07
173,4.7835596e-06
174,1.2788005e-05
175,2.3998603e-05
176,3.7527431e-05
177,5.2303933e-05
178,6.7159907e-05
179,8.0922211e-05
180,9.2505243e-05
181,0.00010099652
182,0.0001057288
183,0.00010633164
184,0.00010276058
185,9.5299812e-05
186,8.4539345e-05
187,7.1328021e-05
188,5.6706411e-05
189,4.1824701e-05
190,2.7852349e-05
191,1.5886213e-05
192,6.8648356e-06
193,1.4951568e-06
194,1.976754e-07
195,3.0740471e-06
196,9.899686e-06
197,2.014189e-05
198,3.3001933e-05
199,4.7477792e-05
200,6.2442663e-05
201,7.6732816e-05
202,8.9238258e-05
203,9.8988926e-05
204,0.00010522971
205,0.00010747899
206,0.00010556513
207,9.9639625e-05
208,9.0164474e-05
209,7.7876124e-05
210,6.3727768e-05
211,4.8815371e-05
212,3.4292875e-05
213,2.1282816e-05
214,1.0789917e-05
215,3.6238041e-06
216,3.3694441e-07
217,1.1826208e-06
218,6.0959501e-06
219,1.4699458e-05
220,2.633261e-05
221,4.0103037e-05
222,5.495531e-05
223,6.9752306e-05
224,8.3362299e-05
225,9.4745581e-05
226,0.0001030339
227,0.00010759647
228,0.00010808774
229,0.00010447319
230,9.7031563e-05
231,8.6332914e-05
232,7.3194753e-05
233,5.8619426e-05
234,4.3717406e-05
235,2.9622869e-05
236,1.7407484e-05
237,7.9991535e-06
238,2.1119242e-06
239,1.9229316e-07
240,2.3858393e-06
241,8.526766e-06
242,1.8150992e-05
243,3.0531774e-05
244,4.4734983e-05
245,5.9690024e-05
246,7.4270694e-05
247,8.7380247e-05
248,9.803391e-05
249,0.00010543268
250,0.00010902313
251,0.00010853847
252,0.00010401813
253,9.5804197e-05
254,8.451533e-05
255,7.0999842e-05
256,5.6271782e-05
257,4.1434819e-05
258,2.7599542e-05
259,1.5800599e-05
260,6.919491e-06
261,1.6191732e-06
262,2.9503442e-07
263,3.0459109e-06
264,9.667283e-06
265,1.966704e-05
266,3.2302523e-05
267,4.6636195e-05
268,6.1605521e-05
269,7.610192e-05
270,8.9053129e-05
271,9.9502394e-05
272,0.00010667911
273,0.00011005549
274,0.00010938511
275,0.00010472047
276,9.6408778e-05
277,8.506563e-05
278,7.1529366e-05
279,5.6798793e-05
280,4.195949e-05
281,2.8103896e-05
282,1.6250982e-05
283,7.2716139e-06
284,1.8249999e-06
285,3.1067231e-07
286,2.8397935e-06
287,9.2274839e-06
288,1.9006909e-05
289,3.1463913e-05
290,4.5689533e-05
291,6.0646806e-05
292,7.5246556e-05
293,8.8426839e-05
294,9.9230142e-05
295,0.00010687303
296,0.00011080265
297,0.00011073647
298,0.00010668238
299,9.8937558e-05
300,8.8066328e-05
301,7.4858923e-05
302,6.0273801e-05
303,4.5367954e-05
304,3.1220471e-05
305,1.885447e-05
306,9.1633871e-06
307,2.8467698e-06
308,3.6023008e-07
309,1.8831212e-06
310,7.306087e-06
311,1.6239477e-05
312,2.8041856e-05
313,4.18665e-05
314,5.6722557e-05
315,7.154631e-05
316,8.5277481e-05
317,9.6935239e-05
318,0.00010568816
319,0.0001109133
320,0.00011224035
321,0.00010957769
322,0.00010311835
323,9.3325637e-05
324,8.0899784e-05
325,6.6727678e-05
326,5.1819364e-05
327,3.7235994e-05
328,2.4014599e-05
329,1.3094369e-05
330,5.2503501e-06
331,1.0388004e-06
332,7.5821548e-07
333,4.4286887e-06
334,1.179102e-05
335,2.2325532e-05
336,3.5289242e-05
337,4.9768648e-05
338,6.474447e-05
339,7.9163569e-05
340,9.2013197e-05
341,0.00010239202
342,0.00010957337
343,0.00011305589
344,0.00011259824
345,0.00010823566
346,0.00010027684
347,8.9281896e-05
348,7.6022706e-05
349,6.1428566e-05
350,4.6520975e-05
351,3.2342142e-05
352,1.9882389e-05
353,1.0011028e-05
354,3.4161618e-06
355,5.5718955e-07
356,1.6332189e-06
357,6.5697424e-06
358,1.5024314e-05
359,2.6410812e-05
360,3.9940519e-05
361,5.4677173e-05
362,6.9601957e-05
363,8.3684195e-05
364,9.5952689e-05
365,0.00010556242
366,0.00011185295
367,0.00011439342
368,0.00011301185
369,0.00010780646
370,9.9138513e-05
371,8.760689e-05
372,7.4006511e-05
373,5.9273511e-05
374,4.4420521e-05
375,3.0467427e-05
376,1.8371181e-05
377,8.9606914e-06
378,2.880193e-06
379,5.4566599e-07
380,2.1168547e-06
381,7.4868144e-06
382,1.6289721e-05
383,2.7926307e-05
384,4.1605084e-05
385,5.6396513e-05
386,7.1296453e-05
387,8.5294558e-05
388,9.7442875e-05
389,0.00010691994
390,0.00011308618
391,0.00011552696
392,0.00011408027
393,0.00010884707
394,0.00010018398
395,8.8678868e-05
396,7.5110607e-05
397,6.0396258e-05
398,4.5529006e-05
399,3.1511254e-05
400,1.9287103e-05
401,9.6790802e-06
402,3.3330672e-06
403,6.7537569e-07
404,1.8845417e-06
405,6.879845e-06
406,1.5327182e-05
407,2.6661954e-05
408,4.0127175e-05
409,5.4824425e-05
410,6.9774114e-05
411,8.398093e-05
412,9.6500166e-05
413,0.00010650061
414,0.00011331955
415,0.00011650654
416,0.00011585298
417,0.00011140541
418,0.00010346195
419,9.2552181e-05
420,7.9401437e-05
421,6.488257e-05
422,4.9957894e-05
423,3.561543e-05
424,2.2803604e-05
425,1.2368837e-05
426,4.9998567e-06
427,1.1826518e-06
428,1.1688535e-06
429,4.9596755e-06
430,1.2306307e-05
431,2.2726717e-05
432,3.5537685e-05
433,4.9900191e-05
434,6.4874334e-05
435,7.9481382e-05
436,9.2767721e-05
437,0.00010386714
438,0.00011205726
439,0.00011680645
440,0.00011780802
441,0.00011499989
442,0.00010856806
443,9.8934148e-05
444,8.6727343e-05
445,7.2743345e-05
446,5.7892249e-05
447,4.3139326e-05
448,2.9442375e-05
449,1.7689708e-05
450,8.6428341e-06
451,2.8874222e-06
452,7.9578972e-07
453,2.5033287e-06
454,7.9002134e-06
455,1.6638928e-05
456,2.8157163e-05
457,4.1714371e-05
458,5.6439756e-05
459,7.1388496e-05
460,8.5602486e-05
461,9.8171903e-05
462,0.00010829341
463,0.0001153214
464,0.00011880899
465,0.00011853625
466,0.00011452384
467,0.00010703108
468,9.6539179e-05
469,8.3719928e-05
470,6.9392554e-05
471,5.447139e-05
472,3.9907427e-05
473,2.6627884e-05
474,1.5477279e-05
475,7.1641163e-06
476,2.2161425e-06
477,9.4729188e-07
478,3.4382445e-06
479,9.5317598e-06
480,1.8843142e-05
481,3.0784852e-05
482,4.460412e-05
483,5.943064e-05
484,7.4331694e-05
485,8.8370961e-05
486,0.00010066741
487,0.00011045061
488,0.00011710889
489,0.00012022739
490,0.00011961369
491,0.00011530948
492,0.00010758742
493,9.6933686e-05
494,8.4017121e-05
495,6.9647119e-05
496,5.4722799e-05
497,4.0176862e-05
498,2.6917239e-05
499,1.5770782e-05
500,7.431826e-06
501,2.4194616e-06
502,1.0454948e-06
503,3.3955795e-06
504,9.3243326e-06
505,1.8464791e-05
506,3.0251587e-05
507,4.3956309e-05
508,5.8732866e-05
509,7.3669909e-05
510,8.7847364e-05
511,0.00010039301
512,0.00011053625
513,0.00011765532
514,0.00012131525
515,0.00012129418
516,0.00011759664
517,0.00011045279
518,0.00010030386
519,8.7774684e-05
520,7.3635097e-05
521,5.8752505e-05
522,4.4038745e-05
523,3.0394199e-05
524,1.8653009e-05
525,9.5321682e-06
526,3.5882194e-06
527,1.183596e-06
528,2.4649815e-06
529,7.3548597e-06
530,1.5556637e-05
531,2.6573081e-05
532,3.9736899e-05
533,5.4251486e-05
534,6.9239406e-05
535,8.379567e-05
536,9.7042435e-05
537,0.00010818202
538,0.00011654486
539,0.0001216296
540,0.00012313305
541,0.00012096788
542,0.0001152676
543,0.00010637803
544,9.4836052e-05
545,8.1337167e-05
546,6.6693276e-05
547,5.1783901e-05
548,3.750343e-05
549,2.4707571e-05
550,1.4162238e-05
551,6.4980712e-06
552,2.1730134e-06
553,1.4454337e-06
554,4.3590525e-06
555,1.074085e-05
556,2.0211745e-05
557,3.2209546e-05
558,4.6022731e-05
559,6.0832949e-05
560,7.5763689e-05
561,8.9932397e-05
562,0.00010250272
563,0.00011273377
564,0.00012002382
565,0.00012394553
566,0.00012427068
567,0.00012098344
568,0.00011428061
569,0.00010455985
570,9.2395733e-05
571,7.8505724e-05
572,6.3707665e-05
573,4.8871675e-05
574,3.4869081e-05
575,2.2521327e-05
576,1.2551999e-05
577,5.5448323e-06
578,1.9097434e-06
579,1.8594007e-06
580,5.3971532e-06
581,1.2317271e-05
582,2.2217351e-05
583,3.452213e-05
584,4.8517271e-05
585,6.3391184e-05
586,7.8282247e-05
587,9.232886e-05
588,0.00010471952
589,0.00011473946
590,0.00012181195
591,0.00012553135
592,0.0001256861
593,0.0001222705
594,0.00011548481
595,0.00010572303
596,9.3550071e-05
597,7.9668801e-05
598,6.4879317e-05
599,5.0032893e-05
600,3.5983029e-05
601,2.3536547e-05
602,1.340742e-05
603,6.1761419e-06
604,2.2568643e-06
605,1.8739671e-06
606,5.0497501e-06
607,1.1603498e-05
608,2.1162311e-05
609,3.3182583e-05
610,4.6981334e-05
611,6.1775436e-05
612,7.6726128e-05
613,9.0986857e-05
614,0.00010375119
615,0.00011429849
616,0.00012203455
617,0.00012652483
618,0.00012751874
619,0.00012496353
620,0.00011900664
621,0.00010998715
622,9.8416144e-05
623,8.494771e-05
624,7.0341786e-05
625,5.542129e-05
626,4.1025768e-05
627,2.7964303e-05
628,1.6970163e-05
629,8.6600044e-06
630,3.4994952e-06
631,1.7777013e-06
632,3.591264e-06
633,8.8394142e-06
634,1.7229987e-05
635,2.8296172e-05
636,4.142274e-05
637,5.58807e-05
638,7.0867934e-05
639,8.555399e-05
640,9.9126139e-05
641,0.00011083442
642,0.00012003306
643,0.00012621594
644,0.00012904434
645,0.00012836534
646,0.00012421973
647,0.00011683945
648,0.00010663446
649,9.4169663e-05
650,8.0133604e-05
651,6.5300304e-05
652,5.0486614e-05
653,3.6507244e-05
654,2.4130222e-05
655,1.403478e-05
656,6.7744069e-06
657,2.7468735e-06
658,2.1727872e-06
659,5.0839901e-06
660,1.132214e-05
661,2.0547797e-05
662,3.2259215e-05
663,4.5820141e-05
664,6.0494511e-05
665,7.5486732e-05
666,8.9984977e-05
667,0.00010320529
668,0.0001144338
669,0.00012306553
670,0.00012863661
671,0.00013084921
672,0.00012958715
673,0.00012492189
674,0.00011710824
675,0.00010657023
676,9.3877947e-05
677,7.9716562e-05
678,6.4849285e-05
679,5.0076305e-05
680,3.6191664e-05
681,2.3940827e-05
682,1.3980824e-05
683,6.8453457e-06
684,2.9164644e-06
685,2.4045403e-06
686,5.3373844e-06
687,1.1559155e-05
688,2.0739039e-05
689,3.2389271e-05
690,4.5891314e-05
691,6.0529174e-05
692,7.5527407e-05
693,9.0092461e-05
694,0.00010345482
695,0.00011490952
696,0.00012385345
697,0.00012981702
698,0.00013248852
699,0.00013173035
700,0.00012758589
701,0.00012027674
702,0.0001101908
703,9.7861407e-05
704,8.3939062e-05
705,6.9157095e-05
706,5.4292856e-05
707,4.0127124e-05
708,2.7403008e-05
709,1.6787314e-05
710,8.8358112e-06
711,3.9644576e-06
712,2.4280105e-06
713,4.3070598e-06
714,9.5042712e-06
715,1.7749786e-05
716,2.8615653e-05
717,4.1538355e-05
718,5.5848424e-05
719,7.0805269e-05
720,8.5635845e-05
721,9.9574586e-05
722,0.00011190307
723,0.00012198692
724,0.00012930861
725,0.00013349362
726,0.00013432959
727,0.00013177688
728,0.00012597029
729,0.00011721153
730,0.00010595365
731,9.2777244e-05
732,7.8360544e-05
733,6.3444433e-05
734,4.879436e-05
735,3.5161154e-05
736,2.3242738e-05
737,1.3648628e-05
738,6.8690022e-06
739,3.2500492e-06
740,2.9765797e-06
741,6.0630321e-06
742,1.2353118e-05
743,2.15281e-05
744,3.3123317e-05
745,4.6552133e-05
746,6.1135759e-05
747,7.6137956e-05
748,9.0802239e-05
749,0.0001043902
750,0.00011621874
751,0.00012569433
752,0.00013234272
753,0.00013583257
754,0.00013599182
755,0.00013281585
756,0.00012646752
757,0.00011726848
758,0.00010568293
759,9.2293653e-05
760,7.7773118e-05
761,6.2849316e-05
762,4.8269433e-05
763,3.4762501e-05
764,2.3003132e-05
765,1.357807e-05
766,6.9570911e-06
767,3.4700531e-06
768,3.2907378e-06
769,6.4286046e-06
770,1.2728675e-05
771,2.1879568e-05
772,3.3429287e-05
773,4.6807835e-05
774,6.1355674e-05
775,7.635636e-05
776,9.1072223e-05
777,0.0001047805
778,0.00011680902
779,0.00012656907
780,0.00013358419
781,0.0001375133
782,0.0001381671
783,0.00013551701
784,0.00012969619
785,0.00012099278
786,0.00010983527
787,9.6771495e-05
788,8.2441443e-05
789,6.7546063e-05
790,5.2812805e-05
791,3.8960304e-05
792,2.6663379e-05
793,1.6520471e-05
794,9.0246935e-06
795,4.5402045e-06
796,3.2848446e-06
797,5.3199716e-06
798,1.0547762e-05
799,1.8716388e-05
800,2.9432461e-05
801,4.218025e-05
802,5.6346993e-05
803,7.1252377e-05
804,8.6181531e-05
805,0.00010041944
806,0.00011328517
807,0.00012416458
808,0.0001325394
809,0.000138012
810,0.00014032404
811,0.00013936854
812,0.00013519458
813,0.00012800466
814,0.00011814471
815,0.00010608726
816,9.2408742e-05
817,7.7761834e-05
818,6.2844184e-05
819,4.8365509e-05
820,3.5013658e-05
821,2.3422237e-05
822,1.414066e-05
823,7.6085621e-06
824,4.135124e-06
825,3.8848436e-06
826,6.8701306e-06
827,1.2951043e-05
828,2.1842237e-05
829,3.3126686e-05
830,4.6275556e-05
831,6.0673354e-05
832,7.5646729e-05
833,9.0496533e-05
834,0.0001045302
835,0.00011709433
836,0.00012760503
837,0.00013557488
838,0.00014063572
839,0.00014255525
840,0.00014124771
841,0.00013677734
842,0.00012935525
843,0.00011932913
844,0.000107167
845,9.3435101e-05
846,7.8771457e-05
847,6.3856353e-05
848,4.9380742e-05
849,3.6014298e-05
850,2.4374733e-05
851,1.4999342e-05
852,8.3205387e-06
853,4.6461611e-06
854,4.145673e-06
855,6.842658e-06
856,1.2614145e-05
857,2.1196517e-05
858,3.2197898e-05
859,4.5116407e-05
860,5.9363312e-05
861,7.4290063e-05
862,8.9218033e-05
863,0.00010346951
864,0.00011639846
865,0.0001274199
866,0.00013603629
867,0.00014185988
868,0.00014463009
869,0.00014422488
870,0.00014066622
871,0.00013411847
872,0.00012488085
873,0.0001133734
874,0.00010011798
875,8.5714502e-05
876,7.0813554e-05
877,5.6087291e-05
878,4.2199014e-05
879,2.9773534e-05
880,1.9369338e-05
881,1.1453385e-05
882,6.3808303e-06
883,4.3792262e-06
884,5.5386097e-06
885,9.8079212e-06
886,1.6997595e-05
887,2.6788186e-05
888,3.8745123e-05
889,5.2338024e-05
890,6.6964743e-05
891,8.197801e-05
892,9.6714403e-05
893,0.00011052368
894,0.00012279755
895,0.00013299641
896,0.00014067299
897,0.000145492
898,0.00014724458
899,0.00014585708
900,0.00014139413
901,0.00013405536
902,0.00012416647
903,0.00011216449
904,9.8578484e-05
905,8.4006084e-05
906,6.9087187e-05
907,5.4476031e-05
908,4.0812351e-05
909,2.8693736e-05
910,1.8649686e-05
911,1.1118519e-05
912,6.4287167e-06
913,4.7848358e-06
914,6.2589681e-06
915,1.0787826e-05
916,1.8175972e-05
917,2.810443e-05
918,4.0144894e-05
919,5.3778377e-05
920,6.841791e-05
921,8.3433998e-05
922,9.8181785e-05
923,0.00011202895
924,0.00012438278
925,0.00013471555
926,0.00014258689
927,0.00014766279
928,0.00014972931
929,0.00014870161
930,0.00014462724
931,0.00013768378
932,0.00012817099
933,0.00011649766
934,0.00010316399
935,8.8740283e-05
936,7.3842125e-05
937,5.9104472e-05
938,4.5154442e-05
939,3.2585033e-05
940,2.1929906e-05
941,1.3640921e-05
942,8.0694492e-06
943,5.4514744e-06
944,5.8982131e-06
945,9.3915407e-06
946,1.5785172e-05
947,2.4811023e-05
948,3.6090908e-05
949,4.9152492e-05
950,6.3449513e-05
951,7.8384687e-05
952,9.333493e-05
953,0.00010767743
954,0.00012081566
955,0.00013220423
956,0.0001413714
957,0.00014793877
958,0.00015163648
959,0.00015231433
960,0.000149948
961,0.0001446392
962,0.00013661145
963,0.00012620072
964,0.00011384091
965,0.00010004579
966,8.5387714e-05
967,7.0473774e-05
968,5.5920759e-05
969,4.232967e-05
970,3.0261049e-05
971,2.0212023e-05
972,1.2596273e-05
973,7.7270167e-06
974,5.8045948e-06
975,6.9084278e-06
976,1.0994154e-05
977,1.7895686e-05
978,2.733231e-05
979,3.8920439e-05
980,5.2189426e-05
981,6.6600988e-05
982,8.1571114e-05
983,9.6494116e-05
984,0.00011076698
985,0.00012381401
986,0.0001351099
987,0.00014420094
988,0.00015072327
989,0.00015441715
990,0.00015513724
991,0.00015285816
992,0.00014767538
993,0.00013980081
994,0.00012955425
995,0.00011735011
996,0.00010368067
997,8.9096226e-05
998,7.4182663e-05
999,5.9538301e-05
1000,4.5749829e-05
1001,3.3368914e-05
1002,2.2890364e-05
1003,1.473246e-05
1004,9.2206328e-06
1005,6.5748133e-06
1006,6.900769e-06
1007,1.0186387e-05
1008,1.6302337e-05
1009,2.5007533e-05
1010,3.5958893e-05
1011,4.8725158e-05
1012,6.2804263e-05
1013,7.7642991e-05
1014,9.2659138e-05
1015,0.00010726437
1016,0.00012088739
1017,0.00013299628
1018,0.00014311938
1019,0.0001508633
1020,0.00015592867
1021,0.00015812094
1022,0.0001573582
1023,0.00015367396
1024,0.00014721547
1025,0.00013823785
1026,0.00012709371
1027,0.00011421942
1028,0.00010011778
1029,8.5338422e-05
1030,7.0456493e-05
1031,5.6050063e-05
1032,4.2678157e-05
1033,3.0858909e-05
1034,2.1049762e-05
1035,1.3630085e-05
1036,8.8865811e-06
1037,7.0026093e-06
1038,8.0514409e-06
1039,1.1993649e-05
1040,1.8678888e-05
1041,2.7851995e-05
1042,3.9162982e-05
1043,5.2180637e-05
1044,6.6409379e-05
1045,8.1307957e-05
1046,9.6310548e-05
1047,0.00011084819
1048,0.00012437054
1049,0.00013636654
1050,0.00014638397
1051,0.00015404625
1052,0.0001590667
1053,0.00016125888
1054,0.0001605437
1055,0.00015695197
1056,0.00015062274
1057,0.00014179833
1058,0.00013081454
1059,0.00011808772
1060,0.00010409931
1061,8.9377412e-05
1062,7.4476496e-05
1063,5.9957117e-05
1064,4.6364626e-05
1065,3.4208874e-05
1066,2.3945343e-05
1067,1.5958311e-05
1068,1.0546502e-05
1069,7.9123841e-06
1070,8.1547635e-06
1071,1.1265546e-05
1072,1.7130163e-05
1073,2.55321e-05
1074,3.6161225e-05
1075,4.8625511e-05
1076,6.2465776e-05
1077,7.7172668e-05
1078,9.2205644e-05
1079,0.00010701303
1080,0.00012105238
1081,0.00013381019
1082,0.00014482089
1083,0.00015368379
1084,0.00016007748
1085,0.00016377144
1086,0.00016463428
1087,0.00016263824
1088,0.00015786002
1089,0.00015047754
1090,0.00014076341
1091,0.00012907456
1092,0.00011583933
1093,0.00010154141
1094,8.6702187e-05
1095,7.1862042e-05
1096,5.7560396e-05
1097,4.4316556e-05
1098,3.2610582e-05
1099,2.2866504e-05
1100,1.5436795e-05
1101,1.0590134e-05
1102,8.5019639e-06
1103,9.2482003e-06
1104,1.2802962e-05
1105,1.9039687e-05
1106,2.7735945e-05
1107,3.858163e-05
1108,5.1190411e-05
1109,6.5113538e-05
1110,7.9856061e-05
1111,9.4894642e-05
1112,0.00010969625
1113,0.00012373703
1114,0.00013652118
1115,0.00014759795
1116,0.00015657826
1117,0.00016314732
1118,0.0001670767
1119,0.00016823114
1120,0.00016657374
1121,0.00016216691
1122,0.0001551695
1123,0.00014583162
1124,0.00013448485
1125,0.00012153108
1126,0.00010742777
1127,9.2672034e-05
1128,7.7782877e-05
1129,6.3283436e-05
1130,4.9682218e-05
1131,3.7455507e-05
1132,2.7031017e-05
1133,1.8773077e-05
1134,1.2970136e-05
1135,9.8248467e-06
1136,9.447323e-06
1137,1.1851613e-05
1138,1.6955414e-05
1139,2.4583145e-05
1140,3.4472428e-05
1141,4.6283085e-05
1142,5.9609316e-05
1143,7.3993824e-05
1144,8.8943573e-05
1145,0.00010394697
1146,0.00011849125
1147,0.00013208031
1148,0.00014425168
1149,0.00015459196
1150,0.00016275113
1151,0.00016845416
1152,0.00017151019
1153,0.00017181895
1154,0.00016937394
1155,0.00016426197
1156,0.00015666064
1157,0.00014683153
1158,0.00013511137
1159,0.00012190028
1160,0.0001076482
1161,9.2839638e-05
1162,7.7976926e-05
1163,6.3563492e-05
1164,5.0086852e-05
1165,3.8002173e-05
1166,2.7717178e-05
1167,1.9578456e-05
1168,1.3860109e-05
1169,1.0754802e-05
1170,1.0367455e-05
1171,1.271201e-05
1172,1.7711186e-05
1173,2.5199342e-05
1174,3.4928167e-05
1175,4.6575233e-05
1176,5.9754886e-05
1177,7.4031287e-05
1178,8.8932903e-05
1179,0.00010396824
1180,0.0001186422
1181,0.00013247244
1182,0.00014500526
1183,0.00015583047
1184,0.00016459494
1185,0.00017101375
1186,0.0001748796
1187,0.00017606951
1188,0.00017454833
1189,0.00017036987
1190,0.00016367478
1191,0.00015468561
1192,0.00014369971
1193,0.00013107913
1194,0.00011723819
1195,0.00010263081
1196,8.7734634e-05
1197,7.3035977e-05
1198,5.9014199e-05
1199,4.6125707e-05
1200,3.4789547e-05
1201,2.5373866e-05
1202,1.8184151e-05
1203,1.3453623e-05
1204,1.1335909e-05
1205,1.1900246e-05
1206,1.5129502e-05
1207,2.0920992e-05
1208,2.9089988e-05
1209,3.9375922e-05
1210,5.1450848e-05
1211,6.4930171e-05
1212,7.9385141e-05
1213,9.4356479e-05
1214,0.0001093693
1215,0.00012394826
1216,0.00013763239
1217,0.00014999014
1218,0.00016063266
1219,0.00016922612
1220,0.00017550214
1221,0.00017926598
1222,0.00018040272
1223,0.00017888049
1224,0.00017475124
1225,0.00016814881
1226,0.00015928482
1227,0.00014844161
1228,0.00013596265
1229,0.00012224261
1230,0.00010771412
1231,9.2834552e-05
1232,7.8071234e-05
1233,6.3887313e-05
1234,5.0726982e-05
1235,3.9001893e-05
1236,2.9078421e-05
1237,2.1266168e-05
1238,1.5808871e-05
1239,1.2876833e-05
1240,1.2561977e-05
1241,1.4875107e-05
1242,1.9745865e-05
1243,2.7025083e-05
1244,3.6489732e-05
1245,4.7849804e-05
1246,6.0757574e-05
1247,7.4818324e-05
1248,8.9602696e-05
1249,0.00010465986
1250,0.00011953148
1251,0.00013376551
1252,0.00014693036
1253,0.00015862764
1254,0.00016850429
1255,0.00017626342
1256,0.00018167295
1257,0.00018457258
1258,0.00018487818
1259,0.00018258474
1260,0.00017776556
1261,0.00017057026
1262,0.00016122017
1263,0.00015000084
1264,0.00013725379
1265,0.00012336601
1266,0.00010875799
1267,9.3871254e-05
1268,7.9154868e-05
1269,6.5051815e-05
1270,5.1986399e-05
1271,4.0350943e-05
1272,3.0494291e-05
1273,2.2711904e-05
1274,1.7236862e-05
1275,1.4233345e-05
1276,1.3791765e-05
1277,1.5926322e-05
1278,2.0574892e-05
1279,2.7601026e-05
1280,3.6798169e-05
1281,4.7896111e-05
1282,6.0568978e-05
1283,7.4445029e-05
1284,8.9117866e-05
1285,0.00010415821
1286,0.00011912681
1287,0.00013358735
1288,0.00014711906
1289,0.0001593293
1290,0.00016986441
1291,0.00017842045
1292,0.00018475168
1293,0.00018867761
1294,0.00019008804
1295,0.00018894615
1296,0.00018528899
1297,0.00017922692
1298,0.00017093924
1299,0.00016066968
1300,0.00014871864
1301,0.00013543446
1302,0.0001212036
1303,0.00010643881
1304,9.1567535e-05
1305,7.7019642e-05
1306,6.3214849e-05
1307,5.0550927e-05
1308,3.9392198e-05
1309,3.0059479e-05
1310,2.2820791e-05
1311,1.7883997e-05
1312,1.5390949e-05
1313,1.5413853e-05
1314,1.7953255e-05
1315,2.2938279e-05
1316,3.022875e-05
1317,3.9619615e-05
1318,5.0846665e-05
1319,6.3594359e-05
1320,7.7504751e-05
1321,9.2187859e-05
1322,0.00010723255
1323,0.00012221825
1324,0.0001367269
1325,0.00015035447
1326,0.00016272243
1327,0.00017348807
1328,0.00018235407
1329,0.00018907688
1330,0.0001934728
1331,0.00019542345
1332,0.00019487882
1333,0.0001918582
1334,0.00018644952
1335,0.00017880667
1336,0.00016914538
1337,0.00015773666
1338,0.00014489932
1339,0.00013099096
1340,0.00011639805
1341,0.0001015253
1342,8.6784447e-05
1343,7.2582599e-05
1344,5.9311663e-05
1345,4.7337258e-05
1346,3.6988764e-05
1347,2.855066e-05
1348,2.2254791e-05
1349,1.8274143e-05
1350,1.6718423e-05
1351,1.7631285e-05
1352,2.0989124e-05
1353,2.6702057e-05
1354,3.4616694e-05
1355,4.4520261e-05
1356,5.614666e-05
1357,6.9183713e-05
1358,8.328187e-05
1359,9.8063582e-05
1360,0.00011313365
1361,0.00012808978
1362,0.00014253352
1363,0.00015608086
1364,0.00016837255
1365,0.00017908347
1366,0.00018793136
1367,0.00019468418
1368,0.00019916592
1369,0.00020126162
1370,0.00020091974
1371,0.00019815351
1372,0.00019304045
1373,0.00018572028
1374,0.00017639034
1375,0.00016530119
1376,0.00015274905
1377,0.00013906832
1378,0.00012462208
1379,0.0001097935
1380,9.4974548e-05
1381,8.0556548e-05
1382,6.6919384e-05
1383,5.442212e-05
1384,4.3393073e-05
1385,3.4121867e-05
1386,2.6851707e-05
1387,2.1773309e-05
1388,1.9020086e-05
1389,1.8664858e-05
1390,2.0718213e-05
1391,2.5128277e-05
1392,3.178227e-05
1393,4.0509718e-05
1394,5.108708e-05
1395,6.3243436e-05
1396,7.6667847e-05
1397,9.101733e-05
1398,0.00010592571
1399,0.0001210133
1400,0.00013589645
1401,0.00015019745
1402,0.00016355424
1403,0.0001756295
1404,0.00018611911
1405,0.00019475986
1406,0.00020133624
1407,0.00020568543
1408,0.0002077012
1409,0.0002073369
1410,0.00020460603
1411,0.00019958183
1412,0.00019239508
1413,0.00018323127
1414,0.00017232486
1415,0.00015995385
1416,0.00014643254
1417,0.00013210327
1418,0.00011732813
1419,0.00010247966
1420,8.7931516e-05
1421,7.4049286e-05
1422,6.1180985e-05
1423,4.9649141e-05
1424,3.9742199e-05
1425,3.1707834e-05
1426,2.5746721e-05
1427,2.2008096e-05
1428,2.0585785e-05
1429,2.1516307e-05
1430,2.4778096e-05
1431,3.0292227e-05
1432,3.7924499e-05
1433,4.748891e-05
1434,5.8752536e-05
1435,7.1441097e-05
1436,8.5246111e-05
1437,9.9832298e-05
1438,0.00011484603
1439,0.00012992388
1440,0.00014470161
1441,0.00015882292
1442,0.00017194822
1443,0.00018376267
1444,0.00019398375
1445,0.00020236816
1446,0.00020871727
1447,0.00021288207
1448,0.00021476659
1449,0.00021432953
1450,0.00021158595
1451,0.00020660614
1452,0.00019951369
1453,0.00019048262
1454,0.00017973316
1455,0.00016752582
1456,0.00015415579
1457,0.00013994512
1458,0.00012523531
1459,0.00011037916
1460,9.5732135e-05
1461,8.1644157e-05
1462,6.8451147e-05
1463,5.6467373e-05
1464,4.5977825e-05
1465,3.7231701e-05
1466,3.0436845e-05
1467,2.5754597e-05
1468,2.3296541e-05
1469,2.3121808e-05
1470,2.523593e-05
1471,2.9590932e-05
1472,3.6086506e-05
1473,4.4572671e-05
1474,5.4853335e-05
1475,6.6691041e-05
1476,7.9812491e-05
1477,9.391534e-05
1478,0.00010867487
1479,0.000123752
1480,0.00013880096
1481,0.00015347714
1482,0.00016744531
1483,0.00018038721
1484,0.00019200871
1485,0.0002020468
1486,0.00021027522
1487,0.00021650952
1488,0.00022061136
1489,0.00022249135
1490,0.00022211109
1491,0.00021948362
1492,0.00021467321
1493,0.00020779342
1494,0.00019900486
1495,0.00018851102
1496,0.00017655342
1497,0.00016340656
1498,0.00014937081
1499,0.00013476629
1500,0.0001199253
1501,0.00010518452
1502,9.0878049e-05
1503,7.7329548e-05
1504,6.4844952e-05
1505,5.37058e-05
1506,4.4163038e-05
1507,3.6431497e-05
1508,3.0685209e-05
1509,2.7053747e-05
1510,2.5619392e-05
1511,2.6415504e-05
1512,2.9426016e-05
1513,3.4585847e-05
1514,4.1782528e-05
1515,5.0858819e-05
1516,6.1616443e-05
1517,7.3820424e-05
1518,8.7204694e-05
1519,0.00010147754
1520,0.00011632845
1521,0.00013143492
1522,0.00014646946
1523,0.00016110686
1524,0.00017503126
1525,0.00018794285
1526,0.00019956455
1527,0.00020964785
1528,0.0002179781
1529,0.00022437915
1530,0.00022871682
1531,0.00023090181
1532,0.00023089158
1533,0.0002286908
1534,0.00022435131
1535,0.00021797088
1536,0.0002096908
1537,0.00019969287
1538,0.00018819518
1539,0.00017544744
1540,0.00016172576
1541,0.00014732613
1542,0.00013255848
1543,0.00011774005
1544,0.00010318851
1545,8.9215078e-05
1546,7.6118274e-05
1547,6.4177255e-05
1548,5.3646446e-05
1549,4.4749886e-05
1550,3.7676875e-05
1551,3.2577937e-05
1552,2.9561842e-05
1553,2.8693423e-05
1554,2.9992594e-05
1555,3.3433765e-05
1556,3.8946669e-05
1557,4.6418151e-05
1558,5.5694396e-05
1559,6.6584424e-05
1560,7.8864061e-05
1561,9.2280941e-05
1562,0.00010655961
1563,0.00012140745
1564,0.00013652052
1565,0.00015159011
1566,0.00016630925
1567,0.00018037856
1568,0.00019351271
1569,0.00020544612
1570,0.00021593847
1571,0.00022477938
1572,0.00023179258
1573,0.00023683942
1574,0.00023982164
1575,0.00024068322
1576,0.00023941119
1577,0.00023603613
1578,0.0002306308
1579,0.00022330917
1580,0.0002142235
1581,0.00020356138
1582,0.00019154161
1583,0.00017841018
1584,0.00016443458
1585,0.00014989864
1586,0.00013509723
1587,0.00012032947
1588,0.00010589336
1589,9.207971e-05
1590,7.9166271e-05
1591,6.7412401e-05
1592,5.7053671e-05
1593,4.8297703e-05
1594,4.1319941e-05
1595,3.626023e-05
1596,3.3220257e-05
1597,3.2261782e-05
1598,3.340537e-05
1599,3.6630274e-05
1600,4.1874856e-05
1601,4.9038136e-05
1602,5.7981716e-05
1603,6.8532733e-05
1604,8.0487397e-05
1605,9.3614819e-05
1606,0.00010766192
1607,0.00012235827
1608,0.00013742133
1609,0.00015256225
1610,0.00016749116
1611,0.00018192288
1612,0.00019558265
1613,0.00020821091
1614,0.00021956867
1615,0.00022944186
1616,0.00023764526
1617,0.00024402622
1618,0.00024846722
1619,0.00025088806
1620,0.00025124723
1621,0.00024954247
1622,0.0002458111
1623,0.00024012865
1624,0.00023260742
1625,0.00022339453
1626,0.0002126687
1627,0.00020063672
1628,0.0001875297
1629,0.00017359849
1630,0.00015910889
1631,0.00014433659
1632,0.00012956187
1633,0.00011506473
1634,0.00010111914
1635,8.7988371e-05
1636,7.5919821e-05
1637,6.5140523e-05
1638,5.5853254e-05
1639,4.8232508e-05
1640,4.2421562e-05
1641,3.8529848e-05
1642,3.6631258e-05
1643,3.676263e-05
1644,3.8923369e-05
1645,4.3075562e-05
1646,4.9144755e-05
1647,5.7021577e-05
1648,6.6563698e-05
1649,7.7598834e-05
1650,8.992761e-05
1651,0.00010332767
1652,0.00011755758
1653,0.00013236139
1654,0.00014747327
1655,0.00016262244
1656,0.00017753792
1657,0.00019195364
1658,0.0002056134
1659,0.00021827478
1660,0.00022971414
1661,0.0002397303
1662,0.00024814782
1663,0.00025482053
1664,0.00025963374
1665,0.00026250617
1666,0.00026339136
1667,0.00026227846
1668,0.00025919204
1669,0.00025419174
1670,0.00024737094
1671,0.0002388551
1672,0.00022879932
1673,0.00021738561
1674,0.00020481937
1675,0.000191326
1676,0.00017714658
1677,0.00016253357
1678,0.00014774671
1679,0.00013304812
1680,0.00011869771
1681,0.00010494884
1682,9.2043738e-05
1683,8.0209536e-05
1684,6.9654248e-05
1685,6.0563144e-05
1686,5.3095971e-05
1687,4.7383808e-05
1688,4.3527303e-05
1689,4.1594888e-05
1690,4.162174e-05
1691,4.3609405e-05
1692,4.7525715e-05
1693,5.3305552e-05
1694,6.0852097e-05
1695,7.0038779e-05
1696,8.0711047e-05
1697,9.268971e-05
1698,0.00010577368
1699,0.00011974358
1700,0.00013436548
1701,0.00014939511
1702,0.00016458181
1703,0.00017967286
1704,0.0001944177
1705,0.00020857214
1706,0.00022190256
1707,0.00023418974
1708,0.00024523235
1709,0.00025485024
1710,0.0002628876
1711,0.00026921517
1712,0.00027373258
1713,0.00027636969
1714,0.00027708764
1715,0.00027587964
1716,0.0002727705
1717,0.00026781647
1718,0.00026110407
1719,0.00025274861
1720,0.00024289204
1721,0.00023170062
1722,0.00021936228
1723,0.0002060829
1724,0.00019208345
1725,0.00017759626
1726,0.00016286089
1727,0.00014812053
1728,0.00013361772
1729,0.00011959064
1730,0.0001062692
1731,9.3871531e-05
1732,8.2600288e-05
1733,7.2639419e-05
1734,6.4151549e-05
1735,5.7275316e-05
1736,5.212299e-05
1737,4.8779234e-05
1738,4.7299587e-05
1739,4.7709714e-05
1740,5.0005112e-05
1741,5.4151426e-05
1742,6.0084901e-05
1743,6.7713767e-05
1744,7.6919561e-05
1745,8.755919e-05
1746,9.9467377e-05
1747,0.00011245921
1748,0.00012633322
1749,0.00014087455
1750,0.0001558585
1751,0.00017105391
1752,0.0001862268
1753,0.00020114426
1754,0.00021557784
1755,0.00022930716
1756,0.00024212339
1757,0.0002538323
1758,0.00026425714
1759,0.00027324157
1760,0.00028065194
1761,0.00028637895
1762,0.00029033949
1763,0.0002924778
1764,0.00029276629
1765,0.00029120561
1766,0.00028782468
1767,0.00028268017
1768,0.00027585531
1769,0.00026745896
1770,0.00025762319
1771,0.00024650197
1772,0.00023426807
1773,0.00022111081
1774,0.00020723293
1775,0.00019284746
1776,0.00017817456
1777,0.00016343838
1778,0.00014886314
1779,0.00013467036
1780,0.00012107536
1781,0.00010828388
1782,9.6489226e-05
1783,8.5869547e-05
1784,7.6584935e-05
1785,6.8775542e-05
1786,6.2559285e-05
1787,5.8030352e-05
1788,5.5257638e-05
1789,5.4284244e-05
1790,5.5126694e-05
1791,5.7774836e-05
1792,6.2192183e-05
1793,6.8316381e-05
1794,7.6060436e-05
1795,8.5313945e-05
1796,9.5944763e-05
1797,0.00010780126
1798,0.00012071419
1799,0.00013449964
1800,0.00014896152
1801,0.00016389432
1802,0.00017908648
1803,0.00019432315
1804,0.00020938942
1805,0.00022407329
1806,0.00023816885
1807,0.00025147904
1808,0.00026381858
1809,0.00027501636
1810,0.00028491811
1811,0.00029338809
1812,0.0003003116
1813,0.00030559554
1814,0.00030917061
1815,0.00031099159
1816,0.00031103812
1817,0.00030931481
1818,0.00030585109
1819,0.00030070067
1820,0.00029394069
1821,0.00028567049
1822,0.00027601043
1823,0.0002650997
1824,0.0002530944
1825,0.00024016572
1826,0.00022649699
1827,0.00021228132
1828,0.000197719
1829,0.00018301441
1830,0.00016837355
1831,0.00015400085
1832,0.00014009667
1833,0.00012685447
1834,0.00011445819
1835,0.00010307971
1836,9.287681e-05
1837,8.3990691e-05
1838,7.6544563e-05
1839,7.0641792e-05
1840,6.6364592e-05
1841,6.3773029e-05
1842,6.2904455e-05
1843,6.377289e-05
1844,6.6369064e-05
1845,7.0660648e-05
1846,7.6592734e-05
1847,8.4088635e-05
1848,9.3051003e-05
1849,0.00010336333
1850,0.00011489145
1851,0.0001274855
1852,0.00014098186
1853,0.00015520542
1854,0.000169972
1855,0.00018509076
1856,0.00020036668
1857,0.00021560322
1858,0.00023060492
1859,0.00024517985
1860,0.00025914222
1861,0.00027231466
1862,0.00028453056
1863,0.00029563621
1864,0.00030549261
1865,0.00031397737
1866,0.00032098595
1867,0.00032643356
1868,0.00033025525
1869,0.00033240737
1870,0.00033286776
1871,0.00033163592
1872,0.0003287331
1873,0.00032420162
1874,0.00031810471
1875,0.00031052503
1876,0.00030156405
1877,0.00029134044
1878,0.00027998838
1879,0.00026765621
1880,0.00025450402
1881,0.00024070184
1882,0.00022642746
1883,0.0002118641
1884,0.00019719806
1885,0.00018261656
1886,0.0001683052
1887,0.00015444565
1888,0.00014121369
1889,0.00012877668
1890,0.00011729182
1891,0.0001069041
1892,9.7744609e-05
1893,8.992898e-05
1894,8.3556099e-05
1895,7.8706761e-05
1896,7.5442988e-05
1897,7.3807348e-05
1898,7.3822367e-05
1899,7.5490443e-05
1900,7.8793825e-05
1901,8.3695087e-05
1902,9.0137503e-05
1903,9.8045922e-05
1904,0.00010732772
1905,0.00011787398
1906,0.00012956081
1907,0.00014225116
1908,0.00015579624
1909,0.00017003741
1910,0.00018480836
1911,0.00019993671
1912,0.00021524643
1913,0.00023055974
1914,0.00024569941
1915,0.00026049068
1916,0.0002747635
1917,0.00028835438
1918,0.00030110828
1919,0.00031288042
1920,0.00032353783
1921,0.00033296116
1922,0.00034104567
1923,0.00034770255
1924,0.00035285986
1925,0.00035646325
1926,0.00035847665
1927,0.00035888239
1928,0.00035768139
1929,0.00035489318
1930,0.00035055541
1931,0.00034472345
1932,0.00033746977
1933,0.00032888276
1934,0.00031906589
1935,0.0003081364
1936,0.00029622373
1937,0.00028346828
1938,0.00027001941
1939,0.00025603417
1940,0.00024167521
1941,0.00022710875
1942,0.00021250296
1943,0.00019802611
1944,0.00018384448
1945,0.00017012056
1946,0.00015701132
1947,0.00014466649
1948,0.00013322682
1949,0.00012282271
1950,0.00011357261
1951,0.00010558192
1952,9.8941984e-05
1953,9.3728892e-05
1954,9.0002846e-05
1955,8.7807638e-05
1956,8.7170025e-05
1957,8.8099858e-05
1958,9.0589799e-05
1959,9.4615516e-05
1960,0.00010013607
1961,0.00010709448
1962,0.00011541837
1963,0.00012502079
1964,0.00013580121
1965,0.00014764688
1966,0.00016043372
1967,0.00017402816
1968,0.00018828819
1969,0.00020306524
1970,0.00021820563
1971,0.00023355215
1972,0.00024894602
1973,0.00026422843
1974,0.00027924212
1975,0.00029383322
1976,0.00030785274
1977,0.0003211581
1978,0.00033361475
1979,0.00034509739
1980,0.00035549128
1981,0.00036469344
1982,0.00037261357
1983,0.00037917487
1984,0.000384315
1985,0.00038798657
1986,0.00039015753
1987,0.00039081126
1988,0.0003899469
1989,0.00038757934
1990,0.00038373881
1991,0.0003784703
1992,0.00037183361
1993,0.00036390212
1994,0.00035476211
1995,0.00034451208
1996,0.00033326148
1997,0.00032112952
1998,0.00030824394
1999,0.00029473974
2000,0.00028075783
2001,0.00026644327
2002,0.00025194425
2003,0.00023741035
2004,0.00022299103
2005,0.00020883409
2006,0.00019508446
2007,0.00018188256
2008,0.00016936285
2009,0.00015765288
2010,0.00014687161
2011,0.00013712869
2012,0.00012852327
2013,0.00012114302
2014,0.0001150633
2015,0.00011034668
2016,0.00010704229
2017,0.00010518524
2018,0.00010479677
2019,0.00010588362
2020,0.00010843833
2021,0.00011243938
2022,0.00011785136
2023,0.00012462554
2024,0.00013270014
2025,0.00014200131
2026,0.00015244357
2027,0.00016393099
2028,0.00017635798
2029,0.0001896103
2030,0.00020356633
2031,0.00021809823
2032,0.00023307307
2033,0.00024835421
2034,0.00026380244
2035,0.00027927761
2036,0.00029463971
2037,0.00030975019
2038,0.00032447324
2039,0.0003386773
2040,0.00035223574
2041,0.00036502862
2042,0.00037694328
2043,0.00038787544
2044,0.00039773036
2045,0.0004064234
2046,0.0004138809
2047,0.00042004076
2048,0.00042485274
2049,0.00042827929
2050,0.00043029527
2051,0.00043088867
2052,0.00043006044
2053,0.00042782411
2054,0.00042420609
2055,0.00041924508
2056,0.00041299159
2057,0.00040550778
2058,0.00039686637
2059,0.00038715033
2060,0.000376452
2061,0.00036487194
2062,0.00035251845
2063,0.00033950613
2064,0.00032595526
2065,0.0003119903
2066,0.00029773902
2067,0.00028333136
2068,0.00026889824
2069,0.00025457033
2070,0.00024047691
2071,0.00022674505
2072,0.00021349803
2073,0.00020085477
2074,0.00018892852
2075,0.00017782603
2076,0.00016764658
2077,0.00015848129
2078,0.00015041227
2079,0.00014351216
2080,0.00013784327
2081,0.00013345733
2082,0.00013039496
2083,0.00012868555
2084,0.00012834693
2085,0.00012938538
2086,0.00013179549
2087,0.00013556042
2088,0.00014065212
2089,0.00014703153
2090,0.00015464896
2091,0.00016344464
2092,0.0001733492
2093,0.00018428429
2094,0.00019616342
2095,0.00020889255
2096,0.00022237089
2097,0.00023649205
2098,0.00025114456
2099,0.0002662131
2100,0.0002815793
2101,0.00029712273
2102,0.00031272209
2103,0.00032825585
2104,0.00034360358
2105,0.00035864659
2106,0.00037326935
2107,0.00038735978
2108,0.0004008107
2109,0.00041352041
2110,0.00042539325
2111,0.00043634076
2112,0.00044628203
2113,0.00045514464
2114,0.00046286462
2115,0.00046938755
2116,0.00047466836
2117,0.0004786722
2118,0.00048137404
2119,0.00048275939
2120,0.000482824
2121,0.00048157384
2122,0.0004790253
2123,0.00047520461
2124,0.00047014804
2125,0.00046390087
2126,0.00045651759
2127,0.00044806124
2128,0.00043860305
2129,0.00042822151
2130,0.00041700193
2131,0.00040503562
2132,0.00039241939
2133,0.00037925476
2134,0.0003656469
2135,0.00035170391
2136,0.00033753634
2137,0.00032325576
2138,0.00030897437
2139,0.000294804
2140,0.00028085519
2141,0.00026723672
2142,0.00025405426
2143,0.00024141007
2144,0.00022940201
2145,0.00021812302
2146,0.0002076604
2147,0.00019809503
2148,0.00018950098
2149,0.00018194515
2150,0.00017548659
2151,0.0001701761
2152,0.00016605609
2153,0.00016316022
2154,0.00016151319
2155,0.00016113063
2156,0.00016201915
2157,0.00016417611
2158,0.00016758996
2159,0.00017224019
2160,0.0001780975
2161,0.0001851243
2162,0.00019327487
2163,0.00020249557
2164,0.00021272559
2165,0.00022389717
2166,0.00023593634
2167,0.00024876307
2168,0.00026229251
2169,0.00027643486
2170,0.0002910967
2171,0.00030618121
2172,0.00032158903
2173,0.00033721906
2174,0.00035296889
2175,0.00036873568
2176,0.00038441708
2177,0.00039991147
2178,0.00041511903
2179,0.00042994225
2180,0.0004442865
2181,0.000458061
2182,0.0004711789
2183,0.00048355815
2184,0.00049512214
2185,0.00050579974
2186,0.00051552632
2187,0.00052424363
2188,0.00053190047
2189,0.00053845291
2190,0.00054386458
2191,0.00054810658
2192,0.00055115793
2193,0.00055300566
2194,0.00055364457
2195,0.00055307772
2196,0.00055131556
2197,0.00054837681
2198,0.00054428727
2199,0.0005390806
2200,0.00053279727
2201,0.0005254847
2202,0.00051719664
2203,0.00050799304
2204,0.00049793942
2205,0.0004871065
2206,0.00047556965
2207,0.00046340854
2208,0.00045070657
2209,0.00043755021
2210,0.0004240284
2211,0.00041023225
2212,0.00039625416
2213,0.00038218721
2214,0.00036812477
2215,0.00035416001
2216,0.00034038509
2217,0.00032689054
2218,0.00031376505
2219,0.00030109456
2220,0.00028896191
2221,0.00027744646
2222,0.00026662344
2223,0.00025656362
2224,0.00024733287
2225,0.00023899184
2226,0.00023159552
2227,0.00022519304
2228,0.00021982748
2229,0.00021553538
2230,0.00021234689
2231,0.00021028536
2232,0.00020936746
2233,0.00020960291
2234,0.00021099467
2235,0.00021353891
2236,0.000217225
2237,0.00022203559
2238,0.00022794695
2239,0.00023492891
2240,0.0002429453
2241,0.00025195406
2242,0.00026190753
2243,0.00027275277
2244,0.00028443208
2245,0.00029688298
2246,0.000310039
2247,0.00032382986
2248,0.00033818181
2249,0.00035301853
2250,0.00036826106
2251,0.00038382851
2252,0.00039963851
2253,0.00041560758
2254,0.00043165185
2255,0.00044768723
2256,0.00046363031
2257,0.0004793983
2258,0.00049490978
2259,0.00051008499
2260,0.00052484669
2261,0.00053912006
2262,0.00055283329
2263,0.00056591792
2264,0.00057830932
2265,0.00058994693
2266,0.00060077462
2267,0.00061074063
2268,0.00061979834
2269,0.0006279061
2270,0.00063502785
2271,0.00064113266
2272,0.00064619539
2273,0.00065019656
2274,0.0006531226
2275,0.00065496543
2276,0.00065572296
2277,0.00065539882
2278,0.00065400237
2279,0.00065154856
2280,0.00064805792
2281,0.00064355605
2282,0.00063807433
2283,0.00063164856
2284,0.00062431958
2285,0.0006161328
2286,0.0006071377
2287,0.00059738787
2288,0.00058694063
2289,0.00057585643
2290,0.00056419891
2291,0.00055203418
2292,0.00053943115
2293,0.00052646042
2294,0.00051319376
2295,0.00049970477
2296,0.00048606758
2297,0.00047235693
2298,0.00045864752
2299,0.00044501369
2300,0.00043152927
2301,0.00041826696
2302,0.00040529825
2303,0.00039269265
2304,0.0003805179
2305,0.0003688391
2306,0.00035771884
2307,0.00034721682
2308,0.00033738942
2309,0.00032828957
2310,0.00031996639
2311,0.00031246523
2312,0.00030582734
2313,0.00030008961
2314,0.00029528446
2315,0.00029143987
2316,0.00028857924
2317,0.00028672112
2318,0.00028587932
2319,0.00028606275
2320,0.00028727584
2321,0.00028951782
2322,0.00029278344
2323,0.00029706262
2324,0.00030234064
2325,0.00030859844
2326,0.00031581234
2327,0.00032395449
2328,0.00033299304
2329,0.00034289214
2330,0.00035361218
2331,0.0003651101
2332,0.00037733952
2333,0.00039025101
2334,0.0004037922
2335,0.00041790853
2336,0.00043254271
2337,0.00044763562
2338,0.00046312625
2339,0.00047895247
2340,0.00049505073
2341,0.00051135664
2342,0.00052780523
2343,0.00054433118
2344,0.00056086932
2345,0.00057735462
2346,0.00059372247
2347,0.00060990929
2348,0.00062585266
2349,0.00064149127
2350,0.00065676563
2351,0.00067161804
2352,0.00068599285
2353,0.00069983683
2354,0.00071309931
2355,0.00072573206
2356,0.00073769004
2357,0.00074893113
2358,0.00075941644
2359,0.00076911046
2360,0.00077798156
2361,0.00078600093
2362,0.00079314378
2363,0.00079938917
2364,0.00080472017
2365,0.00080912304
2366,0.00081258864
2367,0.00081511135
2368,0.00081668936
2369,0.00081732505
2370,0.0008170244
2371,0.000815797
2372,0.00081365629
2373,0.00081061936
2374,0.00080670701
2375,0.00080194286
2376,0.0007963546
2377,0.0007899724
2378,0.00078282971
2379,0.00077496304
2380,0.00076641111
2381,0.00075721536
2382,0.00074741964
2383,0.00073706991
2384,0.00072621407
2385,0.00071490161
2386,0.00070318389
2387,0.00069111347
2388,0.00067874389
2389,0.00066612981
2390,0.00065332644
2391,0.00064038923
2392,0.00062737441
2393,0.00061433792
2394,0.00060133578
2395,0.00058842344
2396,0.00057565576
2397,0.00056308704
2398,0.00055077038
2399,0.00053875781
2400,0.0005271002
2401,0.00051584675
2402,0.00050504508
2403,0.0004947408
2404,0.00048497769
2405,0.00047579714
2406,0.00046723862
2407,0.00045933935
2408,0.00045213348
2409,0.00044565301
2410,0.00043992706
2411,0.0004349822
2412,0.00043084188
2413,0.00042752684
2414,0.00042505478
2415,0.00042344038
2416,0.00042269551
2417,0.00042282888
2418,0.00042384622
2419,0.00042575014
2420,0.00042854026
2421,0.00043221326
2422,0.00043676295
2423,0.00044218018
2424,0.00044845293
2425,0.00045556644
2426,0.00046350323
2427,0.00047224305
2428,0.00048176352
2429,0.00049203962
2430,0.00050304395
2431,0.00051474686
2432,0.0005271165
2433,0.00054011942
2434,0.00055372005
2435,0.00056788112
2436,0.00058256391
2437,0.0005977281
2438,0.0006133322
2439,0.00062933327
2440,0.00064568792
2441,0.00066235164
2442,0.00067927907
2443,0.00069642445
2444,0.00071374155
2445,0.00073118378
2446,0.00074870505
2447,0.0007662584
2448,0.00078379743
2449,0.00080127664
2450,0.00081864997
2451,0.00083587295
2452,0.00085290124
2453,0.00086969171
2454,0.00088620197
2455,0.00090239084
2456,0.00091821832
2457,0.00093364634
2458,0.00094863709
2459,0.00096315546
2460,0.00097716724
2461,0.00099064065
2462,0.0010035449
2463,0.0010158516
2464,0.0010275342
2465,0.0010385681
2466,0.0010489311
2467,0.0010586025
2468,0.0010675641
2469,0.0010758002
2470,0.0010832968
2471,0.0010900424
2472,0.0010960276
2473,0.0011012456
2474,0.0011056913
2475,0.001109362
2476,0.0011122579
2477,0.0011143805
2478,0.0011157342
2479,0.0011163249
2480,0.0011161608
2481,0.0011152529
2482,0.0011136131
2483,0.0011112562
2484,0.0011081989
2485,0.0011044586
2486,0.001100056
2487,0.0010950123
2488,0.0010893508
2489,0.0010830968
2490,0.0010762766
2491,0.0010689184
2492,0.0010610506
2493,0.0010527036
2494,0.0010439092
2495,0.0010346997
2496,0.0010251088
2497,0.0010151705
2498,0.0010049199
2499,0.00099439267
2500,0.00098362518
2501,0.0009726536
2502,0.00096151557
2503,0.00095024797
2504,0.00093888824
2505,0.00092747401
2506,0.00091604272
2507,0.00090463178
2508,0.0008932781
2509,0.00088201871
2510,0.0008708898
2511,0.0008599273
2512,0.00084916669
2513,0.00083864255
2514,0.00082838879
2515,0.00081843881
2516,0.00080882463
2517,0.00079957771
2518,0.00079072825
2519,0.00078230578
2520,0.00077433827
2521,0.00076685263
2522,0.00075987461
2523,0.00075342864
2524,0.00074753775
2525,0.00074222392
2526,0.00073750713
2527,0.00073340647
2528,0.00072993937
2529,0.00072712149
2530,0.00072496755
2531,0.00072349022
2532,0.00072270069
2533,0.00072260904
2534,0.00072322341
2535,0.00072455063
2536,0.00072659563
2537,0.00072936211
2538,0.00073285185
2539,0.00073706566
2540,0.00074200226
2541,0.00074765933
2542,0.00075403278
2543,0.00076111717
2544,0.00076890592
2545,0.00077739014
2546,0.00078656095
2547,0.00079640711
2548,0.00080691654
2549,0.00081807579
2550,0.00082987001
2551,0.00084228404
2552,0.00085529996
2553,0.00086890046
2554,0.00088306648
2555,0.00089777803
2556,0.00091301454
2557,0.00092875391
2558,0.00094497398
2559,0.00096165132
2560,0.00097876252
2561,0.00099628218
2562,0.0010141853
2563,0.001032447
2564,0.0010510403
2565,0.0010699389
2566,0.0010891163
2567,0.0011085448
2568,0.0011281976
2569,0.0011480468
2570,0.0011680643
2571,0.0011882239
2572,0.0012084967
2573,0.001228855
2574,0.0012492712
2575,0.0012697185
2576,0.0012901688
2577,0.0013105957
2578,0.0013309724
2579,0.0013512727
2580,0.00137147
2581,0.0013915395
2582,0.0014114568
2583,0.0014311964
2584,0.0014507344
2585,0.0014700479
2586,0.0014891142
2587,0.0015079109
2588,0.001526417
2589,0.0015446118
2590,0.0015624762
2591,0.0015799907
2592,0.0015971367
2593,0.0016138968
2594,0.0016302555
2595,0.0016461962
2596,0.0016617048
2597,0.0016767671
2598,0.0016913705
2599,0.0017055031
2600,0.0017191538
2601,0.0017323126
2602,0.00174497
2603,0.0017571184
2604,0.0017687511
2605,0.0017798616
2606,0.0017904444
2607,0.0018004956
2608,0.0018100121
2609,0.001818992
2610,0.0018274329
2611,0.0018353353
2612,0.0018426993
2613,0.0018495266
2614,0.0018558196
2615,0.0018615807
2616,0.0018668157
2617,0.0018715283
2618,0.0018757244
2619,0.00187941
2620,0.0018825951
2621,0.0018852873
2622,0.0018874936
2623,0.0018892248
2624,0.0018904928
2625,0.001891306
2626,0.0018916782
2627,0.0018916216
2628,0.0018911496
2629,0.0018902753
2630,0.0018890128
2631,0.0018873775
2632,0.0018853838
2633,0.0018830477
2634,0.0018803865
2635,0.0018774151
2636,0.0018741513
2637,0.0018706132
2638,0.0018668174
2639,0.0018627823
2640,0.0018585264
2641,0.0018540684
2642,0.0018494261
2643,0.0018446188
2644,0.0018396657
2645,0.0018345864
2646,0.0018293999
2647,0.0018241252
2648,0.0018187829
2649,0.0018133917
2650,0.0018079719
2651,0.0018025413
2652,0.0017971212
2653,0.0017917305
2654,0.0017863876
2655,0.0017811122
2656,0.0017759244
2657,0.0017708422
2658,0.0017658841
2659,0.0017610683
2660,0.0017564139
2661,0.0017519379
2662,0.001747659
2663,0.0017435941
2664,0.0017397616
2665,0.0017361771
2666,0.0017328579
2667,0.0017298198
2668,0.0017270788
2669,0.0017246509
2670,0.0017225507
2671,0.0017207927
2672,0.0017193915
2673,0.0017183615
2674,0.0017177159
2675,0.0017174686
2676,0.0017176312
2677,0.0017182164
2678,0.0017192355
2679,0.0017207007
2680,0.0017226225
2681,0.0017250108
2682,0.0017278757
2683,0.0017312274
2684,0.001735074
2685,0.0017394238
2686,0.0017442857
2687,0.0017496658
2688,0.0017555729
2689,0.0017620124
2690,0.0017689915
2691,0.001776515
2692,0.001784588
2693,0.0017932156
2694,0.0018024014
2695,0.0018121505
2696,0.0018224652
2697,0.0018333482
2698,0.0018448034
2699,0.0018568309
2700,0.0018694332
2701,0.0018826104
2702,0.0018963655
2703,0.0019106974
2704,0.0019256061
2705,0.0019410909
2706,0.00195715
2707,0.0019737834
2708,0.0019909898
2709,0.0020087659
2710,0.0020271112
2711,0.0020460217
2712,0.0020654944
2713,0.0020855257
2714,0.0021061135
2715,0.002127253
2716,0.0021489385
2717,0.0021711681
2718,0.0021939357
2719,0.0022172376
2720,0.0022410681
2721,0.0022654196
2722,0.0022902875
2723,0.0023156665
2724,0.0023415512
2725,0.0023679355
2726,0.0023948118
2727,0.0024221741
2728,0.0024500145
2729,0.0024783284
2730,0.0025071062
2731,0.0025363417
2732,0.0025660284
2733,0.0025961577
2734,0.0026267259
2735,0.0026577207
2736,0.0026891357
2737,0.0027209657
2738,0.0027532003
2739,0.0027858324
2740,0.0028188558
2741,0.0028522604
2742,0.0028860425
2743,0.0029201886
2744,0.0029546956
2745,0.0029895539
2746,0.0030247576
2747,0.0030602984
2748,0.0030961687
2749,0.0031323582
2750,0.0031688634
2751,0.0032056738
2752,0.0032427841
2753,0.0032801857
2754,0.0033178707
2755,0.0033558347
2756,0.0033940687
2757,0.0034325671
2758,0.003471325
2759,0.0035103323
2760,0.003549583
2761,0.0035890722
2762,0.0036287947
2763,0.0036687391
2764,0.0037089072
2765,0.0037492848
2766,0.0037898766
2767,0.0038306694
2768,0.0038716617
2769,0.0039128467
2770,0.0039542213
2771,0.0039957823
2772,0.0040375188
2773,0.0040794326
2774,0.004121514
2775,0.0041637608
2776,0.0042061733
2777,0.004248746
2778,0.0042914765
2779,0.004334356
2780,0.0043773878
2781,0.0044205685
2782,0.0044638941
2783,0.004507362
2784,0.0045509748
2785,0.0045947211
2786,0.0046386073
2787,0.004682629
2788,0.004726783
2789,0.0047710709
2790,0.0048154925
2791,0.0048600476
2792,0.0049047327
2793,0.0049495566
2794,0.0049945156
2795,0.005039603
2796,0.0050848199
2797,0.0051301763
2798,0.0051756668
2799,0.0052212958
2800,0.005267067
2801,0.0053129809
2802,0.0053590325
2803,0.0054052253
2804,0.0054515658
2805,0.0054980633
2806,0.0055447042
2807,0.0055915169
2808,0.0056384784
2809,0.0056856093
2810,0.0057329017
2811,0.0057803592
2812,0.0058279954
2813,0.0058758139
2814,0.0059238137
2815,0.0059719969
2816,0.006020378
2817,0.0060689535
2818,0.0061177369
2819,0.0061667224
2820,0.0062159212
2821,0.0062653451
2822,0.0063149919
2823,0.0063648721
2824,0.006414994
2825,0.0064653618
2826,0.0065159904
2827,0.0065668666
2828,0.0066180215
2829,0.0066694557
2830,0.0067211682
2831,0.0067731708
2832,0.0068254655
2833,0.0068780621
2834,0.0069309825
2835,0.006984221
2836,0.0070377963
2837,0.0070917104
2838,0.0071459856
2839,0.0072005976
2840,0.0072555973
2841,0.0073109677
2842,0.0073667301
2843,0.00742289
2844,0.0074794392
2845,0.0075364052
2846,0.0075938053
2847,0.0076516464
2848,0.007709942
2849,0.0077687015
2850,0.0078279215
2851,0.0078876367
2852,0.0079478448
2853,0.0080085544
2854,0.0080697682
2855,0.0081315054
2856,0.0081937975
2857,0.0082566565
2858,0.0083200548
2859,0.008384031
2860,0.0084486061
2861,0.0085137718
2862,0.0085795568
2863,0.0086459699
2864,0.0087130278
2865,0.0087807482
2866,0.0088491345
2867,0.008918192
2868,0.0089879426
2869,0.0090583928
2870,0.0091295604
2871,0.0092014778
2872,0.0092741459
2873,0.0093475675
2874,0.0094217742
2875,0.0094967881
2876,0.0095726005
2877,0.0096492564
2878,0.0097267392
2879,0.00980507
2880,0.0098842651
2881,0.0099643579
2882,0.010045338
2883,0.010127222
2884,0.01021006
2885,0.010293861
2886,0.010378642
2887,0.010464374
2888,0.010551163
2889,0.010638919
2890,0.010727752
2891,0.010817612
2892,0.010908538
2893,0.011000535
2894,0.011093665
2895,0.01118791
2896,0.011283262
2897,0.011379793
2898,0.011477489
2899,0.011576408
2900,0.011676506
2901,0.011777851
2902,0.01188046
2903,0.01198434
2904,0.012089486
2905,0.01219594
2906,0.012303756
2907,0.012412888
2908,0.012523384
2909,0.01263527
2910,0.012748607
2911,0.012863345
2912,0.01297952
2913,0.013097192
2914,0.013216337
2915,0.013336985
2916,0.013459194
2917,0.013582942
2918,0.013708276
2919,0.013835209
2920,0.013963726
2921,0.014093964
2922,0.014225847
2923,0.014359384
2924,0.014494688
2925,0.014631688
2926,0.014770429
2927,0.014910973
2928,0.015053314
2929,0.0151975
2930,0.015343521
2931,0.015491417
2932,0.015641231
2933,0.01579303
2934,0.015946776
2935,0.016102477
2936,0.016260152
2937,0.016419875
2938,0.01658171
2939,0.016745511
2940,0.01691144
2941,0.017079515
2942,0.017249772
2943,0.017422231
2944,0.017596854
2945,0.017773741
2946,0.017952933
2947,0.018134385
2948,0.018318204
2949,0.01850437
2950,0.01869288
2951,0.018883847
2952,0.019077362
2953,0.019273263
2954,0.019471616
2955,0.019672518
2956,0.019875999
2957,0.020082017
2958,0.02029074
2959,0.020502056
2960,0.020716098
2961,0.020932774
2962,0.02115229
2963,0.021374584
2964,0.021599612
2965,0.021827626
2966,0.022058353
2967,0.022292085
2968,0.022528502
2969,0.022768076
2970,0.023010578
2971,0.023256093
2972,0.023504881
2973,0.023756686
2974,0.024011491
2975,0.024269445
2976,0.024530705
2977,0.024795128
2978,0.025062675
2979,0.025333654
2980,0.025607823
2981,0.025885444
2982,0.026166493
2983,0.026450987
2984,0.026738953
2985,0.027030311
2986,0.027325311
2987,0.027623915
2988,0.02792604
2989,0.028231819
2990,0.028541464
2991,0.028854659
2992,0.029171614
2993,0.029492317
2994,0.029816869
2995,0.030145463
2996,0.030477889
2997,0.030814024
2998,0.031154164
2999,0.031498363
3000,0.031846441
3001,0.0321988
3002,0.032555283
3003,0.032916042
3004,0.03328078
3005,0.033649951
3006,0.034023149
3007,0.034400716
3008,0.034782773
3009,0.035168935
3010,0.035559632
3011,0.035954799
3012,0.036354217
3013,0.03675844
3014,0.037166838
3015,0.037579856
3016,0.037997764
3017,0.038420259
3018,0.03884745
3019,0.039279266
3020,0.039715882
3021,0.040157208
3022,0.040603362
3023,0.041054273
3024,0.041510259
3025,0.041971166
3026,0.042437086
3027,0.042907661
3028,0.043383239
3029,0.043863892
3030,0.044349299
3031,0.044839589
3032,0.045335809
3033,0.045836749
3034,0.04634313
3035,0.046855397
3036,0.047372081
3037,0.047894366
3038,0.048421593
3039,0.048954823
3040,0.049492562
3041,0.050035996
3042,0.050584836
3043,0.051139273
3044,0.051698692
3045,0.052264054
3046,0.052834826
3047,0.053410736
3048,0.053991942
3049,0.054579266
3050,0.055171842
3051,0.055770091
3052,0.056373796
3053,0.056982715
3054,0.05759761
3055,0.058218607
3056,0.058844524
3057,0.059476231
3058,0.060113961
3059,0.060756979
3060,0.061405967
3061,0.062060485
3062,0.062721077
3063,0.063387091
3064,0.064059306
3065,0.064737094
3066,0.065420833
3067,0.066108714
3068,0.066802895
3069,0.067503932
3070,0.068209275
3071,0.068920806
3072,0.069637215
3073,0.070360523
3074,0.071088028
3075,0.07182158
3076,0.072560923
3077,0.073305072
3078,0.074054369
3079,0.074809273
3080,0.075570649
3081,0.076337109
3082,0.077108817
3083,0.077886578
3084,0.078669567
3085,0.079457437
3086,0.08025109
3087,0.081048877
3088,0.081851005
3089,0.082659789
3090,0.083473783
3091,0.084291151
3092,0.08511382
3093,0.085942497
3094,0.086776029
3095,0.087614537
3096,0.088456509
3097,0.089304727
3098,0.090158269
3099,0.091015763
3100,0.091877376
3101,0.092743295
3102,0.093613418
3103,0.094487094
3104,0.095364349
3105,0.096246223
3106,0.097132225
3107,0.098021324
3108,0.098913996
3109,0.099812002
3110,0.10071229
3111,0.10161575
3112,0.10252431
3113,0.10343569
3114,0.10434829
3115,0.10526484
3116,0.10618444
3117,0.10710622
3118,0.10803028
3119,0.10895806
3120,0.10988836
3121,0.11081899
3122,0.11175212
3123,0.11268608
3124,0.11362197
3125,0.11456061
3126,0.11549957
3127,0.11643935
3128,0.11737595
3129,0.11831842
3130,0.11925885
3131,0.1202006
3132,0.12114534
3133,0.12208894
3134,0.12303309
3135,0.12397748
3136,0.12492052
3137,0.12586184
3138,0.12680419
3139,0.12774542
3140,0.12868228
3141,0.12961891
3142,0.13055397
3143,0.13148824
3144,0.13242032
3145,0.13334612
3146,0.13427249
3147,0.13519572
3148,0.13611449
3149,0.13703043
3150,0.13794507
3151,0.1388476
3152,0.13975479
3153,0.14065219
3154,0.14154787
3155,0.14243718
3156,0.14332426
3157,0.14420414
3158,0.14507476
3159,0.14594227
3160,0.14680091
3161,0.14765801
3162,0.1485057
3163,0.14934646
3164,0.150182
3165,0.15100761
3166,0.15182448
3167,0.15263395
3168,0.15343535
3169,0.15422566
3170,0.15500721
3171,0.1557818
3172,0.15654623
3173,0.15729654
3174,0.1580352
3175,0.15876829
3176,0.15948849
3177,0.16020157
3178,0.16090244
3179,0.16159306
3180,0.16226448
3181,0.16292572
3182,0.16357874
3183,0.16421732
3184,0.16484311
3185,0.16544834
3186,0.16604261
3187,0.16662671
3188,0.16719627
3189,0.16774789
3190,0.16828466
3191,0.16880741
3192,0.16931577
3193,0.16980302
3194,0.1702754
3195,0.17072608
3196,0.17116603
3197,0.17158441
3198,0.17199212
3199,0.17237561
3200,0.17273927
3201,0.1730925
3202,0.17343134
3203,0.17374357
3204,0.17404076
3205,0.17432234
3206,0.17457602
3207,0.17481289
3208,0.17502617
3209,0.17522526
3210,0.17539943
3211,0.17556048
3212,0.17570014
3213,0.17581937
3214,0.17591469
3215,0.17598908
3216,0.17603957
3217,0.17606803
3218,0.1760757
3219,0.17606784
3220,0.17603449
3221,0.17597729
3222,0.17588964
3223,0.17578792
3224,0.17567302
3225,0.17553061
3226,0.17536819
3227,0.17517755
3228,0.17497039
3229,0.17474384
3230,0.17448639
3231,0.17421571
3232,0.17391844
3233,0.17359743
3234,0.17325827
3235,0.17289428
3236,0.17250901
3237,0.17210342
3238,0.17167445
3239,0.17122208
3240,0.17074631
3241,0.17025373
3242,0.16974298
3243,0.16920907
3244,0.16865272
3245,0.16807247
3246,0.16748093
3247,0.16686971
3248,0.16623364
3249,0.16557803
3250,0.16490703
3251,0.16420864
3252,0.16349848
3253,0.16276989
3254,0.16202454
3255,0.16126229
3256,0.1604813
3257,0.15968603
3258,0.15887504
3259,0.15805073
3260,0.1572106
3261,0.15635745
3262,0.15548991
3263,0.15460651
3264,0.15371088
3265,0.15280138
3266,0.15188126
3267,0.15095013
3268,0.15000566
3269,0.14905478
3270,0.148089
3271,0.14711877
3272,0.14614346
3273,0.14515689
3274,0.1441655
3275,0.14316604
3276,0.14216355
3277,0.1411547
3278,0.14014196
3279,0.13912745
3280,0.13810851
3281,0.13709074
3282,0.13606745
3283,0.13504738
3284,0.13402683
3285,0.13300615
3286,0.1319921
3287,0.13097692
3288,0.12996794
3289,0.12896392
3290,0.12796341
3291,0.12697275
3292,0.12598611
3293,0.12500866
3294,0.12404093
3295,0.12308226
3296,0.12213649
3297,0.12119904
3298,0.12027472
3299,0.1193647
3300,0.11846741
3301,0.11758437
3302,0.11671721
3303,0.11586628
3304,0.11503091
3305,0.11421605
3306,0.1134215
3307,0.11264616
3308,0.111889
3309,0.11115463
3310,0.11044175
3311,0.10975208
3312,0.10908628
3313,0.10844504
3314,0.10782634
3315,0.10723219
3316,0.10666472
3317,0.10612565
3318,0.10561191
3319,0.10512601
3320,0.1046708
3321,0.10424398
3322,0.10384597
3323,0.10347871
3324,0.10314048
3325,0.10283532
3326,0.10256005
3327,0.10231608
3328,0.10210333
3329,0.10192448
3330,0.10177796
3331,0.10166448
3332,0.10158321
3333,0.10153657
3334,0.10152328
3335,0.10154253
3336,0.10159646
3337,0.10168222
3338,0.10180191
3339,0.10195644
3340,0.10214491
3341,0.102366
3342,0.10261902
3343,0.10290585
3344,0.1032243
3345,0.10357687
3346,0.10396091
3347,0.10437539
3348,0.10482143
3349,0.1052985
3350,0.10580478
3351,0.10634289
3352,0.10691089
3353,0.1075037
3354,0.1081274
3355,0.10877864
3356,0.10945618
3357,0.11015935
3358,0.11088729
3359,0.11163879
3360,0.11241255
3361,0.11321019
3362,0.11402829
3363,0.11486777
3364,0.11572658
3365,0.11660303
3366,0.11749539
3367,0.11840634
3368,0.1193298
3369,0.12026621
3370,0.12121605
3371,0.1221787
3372,0.1231507
3373,0.12413148
3374,0.12511952
3375,0.12611066
3376,0.12710638
3377,0.12810414
3378,0.12910634
3379,0.13010847
