x,y,,2126,0.42579658
1,0.42278501,,2127,0.42259497
2,0.4257315,,2128,0.41949899
3,0.42868162,,2129,0.41670056
4,0.43161204,,2130,0.41417599
5,0.43448487,,2131,0.41226777
6,0.43737157,,2132,0.41096804
7,0.44024939,,2133,0.41046871
8,0.44306539,,2134,0.41067534
9,0.44584675,,2135,0.41153166
10,0.44857132,,2136,0.41315457
11,0.45126851,,2137,0.41534691
12,0.453896,,2138,0.41799516
13,0.45650904,,2139,0.42081315
14,0.45903906,,2140,0.42383602
15,0.461516,,2141,0.42676281
16,0.46392897,,2142,0.42940242
17,0.46628261,,2143,0.43159427
18,0.46858375,,2144,0.43315605
19,0.47079189,,2145,0.43408788
20,0.47291081,,2146,0.43425893
21,0.4749577,,2147,0.43363765
22,0.47691766,,2148,0.43218932
23,0.47877793,,2149,0.4304237
24,0.48055213,,2150,0.42816723
25,0.48221022,,2151,0.42555554
26,0.48377008,,2152,0.42276025
27,0.48520263,,2153,0.41989826
28,0.48658622,,2154,0.41721841
29,0.48783456,,2155,0.41475441
30,0.48899739,,2156,0.41294711
31,0.49004527,,2157,0.41170343
32,0.49097168,,2158,0.41119523
33,0.49178853,,2159,0.41150009
34,0.49248666,,2160,0.41242548
35,0.49308412,,2161,0.41384771
36,0.49355935,,2162,0.41608723
37,0.49390533,,2163,0.41867205
38,0.49413583,,2164,0.42138878
39,0.49422728,,2165,0.42446671
40,0.49422331,,2166,0.42717728
41,0.49407821,,2167,0.42970696
42,0.49384991,,2168,0.43185496
43,0.49339993,,2169,0.43335503
44,0.49288982,,2170,0.43423985
45,0.49224528,,2171,0.43430824
46,0.49149456,,2172,0.43389447
47,0.49064484,,2173,0.43255249
48,0.4896335,,2174,0.43053707
49,0.48852217,,2175,0.42799371
50,0.48730932,,2176,0.42532128
51,0.48596276,,2177,0.42241784
52,0.4845079,,2178,0.41960697
53,0.48298248,,2179,0.41698989
54,0.48132335,,2180,0.4147501
55,0.47955864,,2181,0.41313307
56,0.4776963,,2182,0.41207297
57,0.47573463,,2183,0.41165198
58,0.47369588,,2184,0.41219331
59,0.47154978,,2185,0.41333272
60,0.46930798,,2186,0.41525324
61,0.4670148,,2187,0.4175719
62,0.4646316,,2188,0.42013097
63,0.46215485,,2189,0.42303858
64,0.45961088,,2190,0.42606631
65,0.45699209,,2191,0.42901335
66,0.45432918,,2192,0.43157226
67,0.45160227,,2193,0.43343508
68,0.4488463,,2194,0.43476979
69,0.44605411,,2195,0.4352799
70,0.44320525,,2196,0.43516066
71,0.4403341,,2197,0.43409419
72,0.43742574,,2198,0.43260988
73,0.43451453,,2199,0.43056241
74,0.43157946,,2200,0.42793641
75,0.42859383,,2201,0.42493528
76,0.42562799,,2202,0.42189326
77,0.42265668,,2203,0.41899403
78,0.41969151,,2204,0.41637494
79,0.4167303,,2205,0.41426188
80,0.41381419,,2206,0.41273948
81,0.4109098,,2207,0.41217061
82,0.4080646,,2208,0.41227712
83,0.40525658,,2209,0.4131505
84,0.40247431,,2210,0.41456649
85,0.3997462,,2211,0.41673917
86,0.39706899,,2212,0.41912779
87,0.39444329,,2213,0.42207358
88,0.39188395,,2214,0.42499289
89,0.3893936,,2215,0.42787209
90,0.38697179,,2216,0.43043892
91,0.38464303,,2217,0.43267106
92,0.382392,,2218,0.43404644
93,0.3802534,,2219,0.43494463
94,0.37820519,,2220,0.43502896
95,0.37624097,,2221,0.43438769
96,0.37441342,,2222,0.43293932
97,0.37269683,,2223,0.4309064
98,0.37108495,,2224,0.42844431
99,0.36958245,,2225,0.4256517
100,0.36820366,,2226,0.42241876
101,0.36696911,,2227,0.41948181
102,0.36585283,,2228,0.41678992
103,0.36486748,,2229,0.41450272
104,0.36401047,,2230,0.41268351
105,0.36328315,,2231,0.41174601
106,0.36270747,,2232,0.41154917
107,0.36228549,,2233,0.41227924
108,0.36199262,,2234,0.41338752
109,0.3618367,,2235,0.41532564
110,0.3618195,,2236,0.41792549
111,0.36195587,,2237,0.42055503
112,0.36222311,,2238,0.42340567
113,0.36263385,,2239,0.42619915
114,0.36320842,,2240,0.42889498
115,0.36387933,,2241,0.43121068
116,0.36472178,,2242,0.43290868
117,0.36569431,,2243,0.43390315
118,0.36680634,,2244,0.43402228
119,0.36805349,,2245,0.43353218
120,0.36942798,,2246,0.43220241
121,0.37093109,,2247,0.43034262
122,0.37255857,,2248,0.42779242
123,0.3743094,,2249,0.42506637
124,0.37617295,,2250,0.42205511
125,0.37814039,,2251,0.41920919
126,0.38023284,,2252,0.41667851
127,0.38241986,,2253,0.41439594
128,0.38469969,,2254,0.41270874
129,0.3870664,,2255,0.41154806
130,0.38951604,,2256,0.41124412
131,0.39205078,,2257,0.41170776
132,0.39464475,,2258,0.4129688
133,0.39732255,,2259,0.4148959
134,0.40007499,,2260,0.41739477
135,0.40285287,,2261,0.42017412
136,0.40569068,,2262,0.42314518
137,0.40856503,,2263,0.42612184
138,0.41146817,,2264,0.42876027
139,0.41440289,,2265,0.43103464
140,0.41736972,,2266,0.43260821
141,0.42030978,,2267,0.43349193
142,0.42329311,,2268,0.43365344
143,0.42623914,,2269,0.43308101
144,0.42917538,,2270,0.43187854
145,0.43210619,,2271,0.42995024
146,0.43499165,,2272,0.42742925
147,0.43783305,,2273,0.42474713
148,0.44064165,,2274,0.42171086
149,0.44338267,,2275,0.41879731
150,0.44607685,,2276,0.41615897
151,0.44868688,,2277,0.41398051
152,0.45120832,,2278,0.4123075
153,0.45365071,,2279,0.41135484
154,0.45602328,,2280,0.41115691
155,0.45828356,,2281,0.41188967
156,0.46046693,,2282,0.41325297
157,0.46253045,,2283,0.41523237
158,0.46448141,,2284,0.41769178
159,0.46630389,,2285,0.42063192
160,0.4680092,,2286,0.42357173
161,0.46957477,,2287,0.42642591
162,0.47100212,,2288,0.42894248
163,0.47230123,,2289,0.43093844
164,0.47344394,,2290,0.43252347
165,0.47445016,,2291,0.43331755
166,0.47530487,,2292,0.43346074
167,0.4759875,,2293,0.43265557
168,0.47655273,,2294,0.43128855
169,0.47692955,,2295,0.42916657
170,0.47714249,,2296,0.4267136
171,0.47719633,,2297,0.42391604
172,0.47715134,,2298,0.42102028
173,0.47687584,,2299,0.41812189
174,0.47644602,,2300,0.41552809
175,0.47585646,,2301,0.4134457
176,0.47514249,,2302,0.41200058
177,0.47426537,,2303,0.41105759
178,0.47322605,,2304,0.41107028
179,0.47202436,,2305,0.41201609
180,0.47068565,,2306,0.41375338
181,0.46919014,,2307,0.41590902
182,0.46754181,,2308,0.41858402
183,0.46577695,,2309,0.42139946
184,0.46387718,,2310,0.42436182
185,0.46186116,,2311,0.42731273
186,0.45971388,,2312,0.42974229
187,0.45745697,,2313,0.43154225
188,0.45509504,,2314,0.43278404
189,0.45263684,,2315,0.43318787
190,0.450087,,2316,0.43275962
191,0.44746796,,2317,0.43164457
192,0.44475544,,2318,0.4298077
193,0.44199041,,2319,0.42760138
194,0.43916663,,2320,0.42479271
195,0.43630054,,2321,0.42203016
196,0.43339848,,2322,0.41894033
197,0.43045656,,2323,0.41621373
198,0.42749254,,2324,0.41410488
199,0.4245403,,2325,0.41232579
200,0.42157509,,2326,0.41123759
201,0.4186267,,2327,0.41085085
202,0.41568462,,2328,0.41149931
203,0.41277771,,2329,0.41288602
204,0.40991894,,2330,0.41503103
205,0.40710372,,2331,0.41760244
206,0.40432945,,2332,0.42043112
207,0.40162515,,2333,0.42334259
208,0.39900584,,2334,0.42625455
209,0.39646345,,2335,0.42899697
210,0.39402571,,2336,0.43099737
211,0.39168762,,2337,0.43199791
212,0.38944485,,2338,0.43257444
213,0.38732921,,2339,0.43244842
214,0.38533219,,2340,0.4315215
215,0.38345433,,2341,0.42980081
216,0.38173179,,2342,0.42755868
217,0.38014845,,2343,0.42513492
218,0.37872115,,2344,0.42224989
219,0.37744884,,2345,0.41945301
220,0.37633497,,2346,0.41676262
221,0.37538501,,2347,0.41420911
222,0.37460396,,2348,0.41224496
223,0.37399139,,2349,0.41110735
224,0.37354656,,2350,0.41057435
225,0.37328084,,2351,0.41087117
226,0.37318502,,2352,0.41210845
227,0.37327408,,2353,0.41397901
228,0.37354182,,2354,0.41616755
229,0.37399534,,2355,0.41899225
230,0.37461251,,2356,0.42206715
231,0.37540609,,2357,0.42500772
232,0.37637527,,2358,0.42753181
233,0.37748847,,2359,0.4297984
234,0.37879182,,2360,0.43144291
235,0.38023956,,2361,0.43200108
236,0.38184592,,2362,0.43221691
237,0.38358306,,2363,0.43141326
238,0.38548013,,2364,0.42976896
239,0.38750623,,2365,0.42742876
240,0.38966201,,2366,0.42469862
241,0.39195262,,2367,0.42175086
242,0.39434882,,2368,0.41868673
243,0.39684583,,2369,0.41581223
244,0.39943667,,2370,0.41348612
245,0.40210246,,2371,0.41165638
246,0.40484431,,2372,0.41065738
247,0.40765853,,2373,0.41017979
248,0.41051338,,2374,0.41065009
249,0.41340763,,2375,0.41178917
250,0.41632738,,2376,0.41361962
251,0.41927837,,2377,0.41598114
252,0.42223744,,2378,0.41876528
253,0.42518761,,2379,0.42160794
254,0.42814206,,2380,0.42457995
255,0.43106981,,2381,0.42714596
256,0.43394465,,2382,0.42925961
257,0.43677598,,2383,0.43088588
258,0.43955936,,2384,0.43184135
259,0.44227692,,2385,0.43180125
260,0.44488878,,2386,0.4309914
261,0.44743186,,2387,0.42914189
262,0.4498654,,2388,0.42669511
263,0.45217426,,2389,0.42409866
264,0.4543593,,2390,0.42129918
265,0.45643107,,2391,0.41862176
266,0.45834427,,2392,0.41616053
267,0.46010675,,2393,0.41379126
268,0.46173314,,2394,0.41231476
269,0.463179,,2395,0.41119997
270,0.46444474,,2396,0.41081878
271,0.46555504,,2397,0.41132273
272,0.46651055,,2398,0.41264667
273,0.46725701,,2399,0.41456334
274,0.46781948,,2400,0.41703415
275,0.46818282,,2401,0.41974271
276,0.46837223,,2402,0.4226713
277,0.46835411,,2403,0.42554836
278,0.4681512,,2404,0.42805497
279,0.46776102,,2405,0.4301444
280,0.4671935,,2406,0.43146096
281,0.46641589,,2407,0.43191784
282,0.46545061,,2408,0.43163408
283,0.46430473,,2409,0.43055672
284,0.46298578,,2410,0.42863304
285,0.46150818,,2411,0.42640283
286,0.45986621,,2412,0.42373021
287,0.45806794,,2413,0.42054852
288,0.45610689,,2414,0.41763351
289,0.45399304,,2415,0.41500819
290,0.45176346,,2416,0.41312749
291,0.44941879,,2417,0.41143789
292,0.44695016,,2418,0.41076055
293,0.44438128,,2419,0.41066137
294,0.44171241,,2420,0.41140868
295,0.43897141,,2421,0.41319586
296,0.43615387,,2422,0.41562611
297,0.43326463,,2423,0.41846368
298,0.43034005,,2424,0.42133265
299,0.42740323,,2425,0.4242419
300,0.42445767,,2426,0.42681142
301,0.42150082,,2427,0.42920112
302,0.41855641,,2428,0.43110896
303,0.41561809,,2429,0.43188431
304,0.41273136,,2430,0.43183735
305,0.40988223,,2431,0.43113114
306,0.40708841,,2432,0.42964295
307,0.40438181,,2433,0.4275249
308,0.40176788,,2434,0.42497074
309,0.39925316,,2435,0.42205102
310,0.39683724,,2436,0.41909037
311,0.39456027,,2437,0.41647619
312,0.39242028,,2438,0.4141232
313,0.39041935,,2439,0.41241233
314,0.38857087,,2440,0.41115122
315,0.38689306,,2441,0.41083396
316,0.38537421,,2442,0.41148405
317,0.38403722,,2443,0.41248395
318,0.38289113,,2444,0.41436909
319,0.381931,,2445,0.4169219
320,0.38116251,,2446,0.41979557
321,0.38059413,,2447,0.42289464
322,0.3802262,,2448,0.42560288
323,0.38007183,,2449,0.42819061
324,0.38011656,,2450,0.43010459
325,0.38036573,,2451,0.43166072
326,0.38081415,,2452,0.4322301
327,0.38147005,,2453,0.43210955
328,0.38232639,,2454,0.43060786
329,0.38337479,,2455,0.42865102
330,0.38461334,,2456,0.42627516
331,0.38604657,,2457,0.4233874
332,0.38765996,,2458,0.42043762
333,0.38943124,,2459,0.41761845
334,0.3913703,,2460,0.41504208
335,0.39346034,,2461,0.41302269
336,0.39569928,,2462,0.41139347
337,0.39806674,,2463,0.41085774
338,0.40055183,,2464,0.41102573
339,0.40314393,,2465,0.41202324
340,0.40583278,,2466,0.41358303
341,0.40860264,,2467,0.41593633
342,0.41144265,,2468,0.41842483
343,0.41432432,,2469,0.42130744
344,0.41726683,,2470,0.4241882
345,0.42021884,,2471,0.42687786
346,0.42317237,,2472,0.42899645
347,0.42613504,,2473,0.43046964
348,0.42907245,,2474,0.43102161
349,0.43196851,,2475,0.43075968
350,0.43482299,,2476,0.42956967
351,0.43759842,,2477,0.42793614
352,0.44029548,,2478,0.42520909
353,0.44288761,,2479,0.4226398
354,0.44536587,,2480,0.41977486
355,0.4477312,,2481,0.41686587
356,0.4499623,,2482,0.41425036
357,0.45204603,,2483,0.41206002
358,0.45397399,,2484,0.41069712
359,0.45572464,,2485,0.41017221
360,0.45730962,,2486,0.41032702
361,0.45870642,,2487,0.41132585
362,0.45989744,,2488,0.41299101
363,0.46088595,,2489,0.41543548
364,0.46164148,,2490,0.41813186
365,0.46222228,,2491,0.42101237
366,0.46259488,,2492,0.42393338
367,0.46273492,,2493,0.42661902
368,0.46264349,,2494,0.42885527
369,0.46233992,,2495,0.42999047
370,0.46182157,,2496,0.43074765
371,0.46109491,,2497,0.43061773
372,0.46015881,,2498,0.42951961
373,0.45902357,,2499,0.42785048
374,0.45768355,,2500,0.42581236
375,0.45614517,,2501,0.42294438
376,0.4544236,,2502,0.42000101
377,0.45252889,,2503,0.41709862
378,0.45047785,,2504,0.4147082
379,0.44826871,,2505,0.41257548
380,0.4458967,,2506,0.41105012
381,0.44342012,,2507,0.41047706
382,0.44082657,,2508,0.41058286
383,0.43812548,,2509,0.41142254
384,0.43533964,,2510,0.41352483
385,0.43248663,,2511,0.41604383
386,0.4295868,,2512,0.41879608
387,0.42665236,,2513,0.4215052
388,0.42370369,,2514,0.42423623
389,0.42073744,,2515,0.42691953
390,0.4177952,,2516,0.42892913
391,0.41488268,,2517,0.43002374
392,0.41202369,,2518,0.43070013
393,0.40922149,,2519,0.43050867
394,0.40651078,,2520,0.429321
395,0.40389673,,2521,0.42755835
396,0.40138807,,2522,0.42515262
397,0.3990115,,2523,0.42229069
398,0.39677408,,2524,0.4193718
399,0.39469579,,2525,0.41659393
400,0.39278434,,2526,0.41408002
401,0.39105219,,2527,0.4124175
402,0.38950597,,2528,0.41116072
403,0.38816056,,2529,0.41083175
404,0.38702454,,2530,0.41090295
405,0.38610094,,2531,0.41212038
406,0.38539884,,2532,0.41417873
407,0.38492527,,2533,0.41671822
408,0.3846827,,2534,0.41959615
409,0.38466738,,2535,0.42235633
410,0.38488342,,2536,0.42512426
411,0.38532978,,2537,0.42737977
412,0.38600179,,2538,0.42914318
413,0.38689802,,2539,0.43037547
414,0.38801473,,2540,0.43067128
415,0.38934032,,2541,0.43022738
416,0.3908683,,2542,0.42855949
417,0.39259212,,2543,0.42637255
418,0.39450343,,2544,0.42383323
419,0.39658549,,2545,0.42080196
420,0.39882408,,2546,0.41762334
421,0.40120094,,2547,0.41485338
422,0.40371356,,2548,0.41265301
423,0.40634624,,2549,0.41078345
424,0.40907815,,2550,0.40987565
425,0.41189076,,2551,0.40964735
426,0.41477236,,2552,0.41023767
427,0.41769829,,2553,0.41165699
428,0.42065417,,2554,0.41377982
429,0.4236139,,2555,0.4164698
430,0.42656059,,2556,0.41912234
431,0.4294746,,2557,0.42192484
432,0.43234911,,2558,0.42463299
433,0.43517591,,2559,0.42654374
434,0.43789353,,2560,0.42794864
435,0.44052067,,2561,0.42880505
436,0.44302723,,2562,0.42864784
437,0.44540352,,2563,0.4274985
438,0.44762001,,2564,0.42572796
439,0.44966933,,2565,0.42336152
440,0.45154242,,2566,0.4206334
441,0.45322554,,2567,0.41773264
442,0.45470643,,2568,0.41513974
443,0.45595909,,2569,0.41271923
444,0.45700731,,2570,0.41071519
445,0.45781544,,2571,0.40934764
446,0.45836881,,2572,0.40900514
447,0.45871153,,2573,0.40912275
448,0.45881679,,2574,0.41046216
449,0.45868012,,2575,0.41234963
450,0.45830336,,2576,0.41523058
451,0.45766894,,2577,0.41792246
452,0.45681262,,2578,0.42089223
453,0.45571056,,2579,0.42373513
454,0.45440919,,2580,0.42622643
455,0.45288598,,2581,0.42824782
456,0.45116628,,2582,0.42906274
457,0.44924593,,2583,0.42980969
458,0.44714498,,2584,0.42925047
459,0.4448714,,2585,0.4278861
460,0.44244879,,2586,0.42572292
461,0.43988714,,2587,0.42305853
462,0.43721824,,2588,0.42012842
463,0.43446049,,2589,0.41728675
464,0.4316129,,2590,0.41470848
465,0.42871734,,2591,0.41272163
466,0.42577408,,2592,0.41119087
467,0.4228095,,2593,0.4102292
468,0.41986291,,2594,0.41024596
469,0.41692354,,2595,0.41100245
470,0.41403008,,2596,0.41255009
471,0.4111985,,2597,0.4147829
472,0.40845443,,2598,0.41755821
473,0.40581093,,2599,0.42072978
474,0.40329858,,2600,0.42378898
475,0.40092536,,2601,0.42629019
476,0.39870723,,2602,0.42815519
477,0.39666611,,2603,0.42974635
478,0.39481243,,2604,0.4300325
479,0.39315824,,2605,0.43004028
480,0.39172051,,2606,0.42876125
481,0.39050902,,2607,0.42682663
482,0.38953006,,2608,0.42414861
483,0.38879843,,2609,0.4214421
484,0.38831076,,2610,0.41861063
485,0.38807381,,2611,0.41601275
486,0.38809384,,2612,0.41364769
487,0.38835946,,2613,0.41220738
488,0.38887577,,2614,0.41129939
489,0.38964379,,2615,0.41157813
490,0.39065788,,2616,0.41208609
491,0.39190566,,2617,0.41379855
492,0.39338457,,2618,0.41591783
493,0.39507574,,2619,0.418565
494,0.39696687,,2620,0.42157509
495,0.39905018,,2621,0.42441401
496,0.40130376,,2622,0.42696109
497,0.40371695,,2623,0.42900689
498,0.40627105,,2624,0.43037831
499,0.40894594,,2625,0.43099343
500,0.41171856,,2626,0.43065934
501,0.41456935,,,
502,0.41748381,,,
503,0.4204349,,,
504,0.42339827,,,
505,0.42635618,,,
506,0.42927334,,,
507,0.432144,,,
508,0.43493922,,,
509,0.43762506,,,
510,0.44019702,,,
511,0.44263459,,,
512,0.44491448,,,
513,0.44701868,,,
514,0.44892818,,,
515,0.45062566,,,
516,0.45210652,,,
517,0.45335906,,,
518,0.45437762,,,
519,0.45513776,,,
520,0.45563303,,,
521,0.45586832,,,
522,0.45584162,,,
523,0.45554511,,,
524,0.45499087,,,
525,0.45418501,,,
526,0.45312808,,,
527,0.45182555,,,
528,0.45028352,,,
529,0.44852924,,,
530,0.44655901,,,
531,0.44439554,,,
532,0.44206212,,,
533,0.43957416,,,
534,0.43694907,,,
535,0.43421183,,,
536,0.43137754,,,
537,0.42847929,,,
538,0.42553765,,,
539,0.42257595,,,
540,0.41961457,,,
541,0.41668987,,,
542,0.41381508,,,
543,0.41101434,,,
544,0.40831373,,,
545,0.40573677,,,
546,0.40330321,,,
547,0.40103566,,,
548,0.39895025,,,
549,0.39706992,,,
550,0.39540526,,,
551,0.39397353,,,
552,0.39278866,,,
553,0.3918569,,,
554,0.39118764,,,
555,0.39079004,,,
556,0.39065929,,,
557,0.39080649,,,
558,0.39122634,,,
559,0.39191527,,,
560,0.39286923,,,
561,0.39407993,,,
562,0.39553831,,,
563,0.3972253,,,
564,0.39913383,,,
565,0.40124457,,,
566,0.40354156,,,
567,0.40600108,,,
568,0.40860342,,,
569,0.41132749,,,
570,0.41414911,,,
571,0.41704581,,,
572,0.41998606,,,
573,0.42294662,,,
574,0.42590167,,,
575,0.42882352,,,
576,0.43168286,,,
577,0.43446304,,,
578,0.43712818,,,
579,0.43965976,,,
580,0.44204653,,,
581,0.44425017,,,
582,0.44626107,,,
583,0.44804916,,,
584,0.4496066,,,
585,0.45091692,,,
586,0.45196895,,,
587,0.45275219,,,
588,0.45325841,,,
589,0.45348091,,,
590,0.45341604,,,
591,0.45307596,,,
592,0.45245382,,,
593,0.45155515,,,
594,0.45039553,,,
595,0.44897323,,,
596,0.44730637,,,
597,0.4454112,,,
598,0.44330932,,,
599,0.44101306,,,
600,0.43854601,,,
601,0.43592601,,,
602,0.43318628,,,
603,0.43035573,,,
604,0.42745892,,,
605,0.42450802,,,
606,0.4215457,,,
607,0.41859655,,,
608,0.41569548,,,
609,0.41285479,,,
610,0.41010904,,,
611,0.40749027,,,
612,0.40501655,,,
613,0.40271695,,,
614,0.4006106,,,
615,0.39872165,,,
616,0.39706108,,,
617,0.39565953,,,
618,0.39451942,,,
619,0.39366003,,,
620,0.39307879,,,
621,0.39278623,,,
622,0.39278187,,,
623,0.39307059,,,
624,0.39365188,,,
625,0.39452141,,,
626,0.39566169,,,
627,0.3970733,,,
628,0.39873686,,,
629,0.40063559,,,
630,0.40275337,,,
631,0.40506565,,,
632,0.40755051,,,
633,0.41018814,,,
634,0.41294292,,,
635,0.41579096,,,
636,0.41870186,,,
637,0.42165937,,,
638,0.42461756,,,
639,0.42755365,,,
640,0.43043693,,,
641,0.43323926,,,
642,0.43592545,,,
643,0.43847726,,,
644,0.44086532,,,
645,0.4430622,,,
646,0.44504654,,,
647,0.44679801,,,
648,0.44829583,,,
649,0.44952638,,,
650,0.45047866,,,
651,0.45114127,,,
652,0.4515063,,,
653,0.45156889,,,
654,0.45132822,,,
655,0.45078799,,,
656,0.44995295,,,
657,0.44882904,,,
658,0.44743122,,,
659,0.44577504,,,
660,0.44387671,,,
661,0.44175206,,,
662,0.43942368,,,
663,0.4369229,,,
664,0.4342712,,,
665,0.4314987,,,
666,0.42863568,,,
667,0.42571028,,,
668,0.42274979,,,
669,0.41979222,,,
670,0.41686465,,,
671,0.41400272,,,
672,0.41123623,,,
673,0.40859821,,,
674,0.40611637,,,
675,0.40380814,,,
676,0.40171242,,,
677,0.39985058,,,
678,0.39824326,,,
679,0.39688989,,,
680,0.39583149,,,
681,0.39505947,,,
682,0.39459842,,,
683,0.39445028,,,
684,0.39461293,,,
685,0.39508014,,,
686,0.39585227,,,
687,0.39692772,,,
688,0.39828764,,,
689,0.39991226,,,
690,0.4017906,,,
691,0.40390103,,,
692,0.40621198,,,
693,0.40870669,,,
694,0.4113707,,,
695,0.41414687,,,
696,0.41701983,,,
697,0.41995312,,,
698,0.4229182,,,
699,0.42586695,,,
700,0.42878137,,,
701,0.4316191,,,
702,0.4343572,,,
703,0.43695609,,,
704,0.4393833,,,
705,0.44161688,,,
706,0.44363182,,,
707,0.44540102,,,
708,0.44690186,,,
709,0.44811639,,,
710,0.44903708,,,
711,0.44965141,,,
712,0.4499502,,,
713,0.44992122,,,
714,0.4495769,,,
715,0.44891394,,,
716,0.4479452,,,
717,0.44667513,,,
718,0.44512709,,,
719,0.44330988,,,
720,0.44125449,,,
721,0.43897206,,,
722,0.43649638,,,
723,0.43386535,,,
724,0.43110088,,,
725,0.42823163,,,
726,0.42529765,,,
727,0.42234766,,,
728,0.41939383,,,
729,0.41648195,,,
730,0.41364132,,,
731,0.41090766,,,
732,0.40832284,,,
733,0.40591581,,,
734,0.40370923,,,
735,0.4017378,,,
736,0.40000859,,,
737,0.39857809,,,
738,0.39742978,,,
739,0.39659484,,,
740,0.39608852,,,
741,0.39589145,,,
742,0.39603336,,,
743,0.39649388,,,
744,0.39727653,,,
745,0.39837913,,,
746,0.3997726,,,
747,0.4014525,,,
748,0.40339242,,,
749,0.40557749,,,
750,0.40797949,,,
751,0.41054724,,,
752,0.41326991,,,
753,0.41610008,,,
754,0.41901903,,,
755,0.42197413,,,
756,0.42493759,,,
757,0.42786792,,,
758,0.43071694,,,
759,0.43347689,,,
760,0.43609185,,,
761,0.4385326,,,
762,0.44076521,,,
763,0.44275038,,,
764,0.44448547,,,
765,0.44594341,,,
766,0.44709843,,,
767,0.44792913,,,
768,0.44843234,,,
769,0.44861006,,,
770,0.44844548,,,
771,0.44795069,,,
772,0.44713033,,,
773,0.44598413,,,
774,0.4445276,,,
775,0.44279312,,,
776,0.4407944,,,
777,0.43855254,,,
778,0.43610903,,,
779,0.43349676,,,
780,0.43073774,,,
781,0.42787786,,,
782,0.42494175,,,
783,0.42198742,,,
784,0.41902483,,,
785,0.41612657,,,
786,0.41333323,,,
787,0.41064871,,,
788,0.40812127,,,
789,0.40578502,,,
790,0.40368881,,,
791,0.4018402,,,
792,0.40027381,,,
793,0.39900735,,,
794,0.39806659,,,
795,0.39746101,,,
796,0.39718928,,,
797,0.39725581,,,
798,0.39768993,,,
799,0.39845393,,,
800,0.39952736,,,
801,0.40092212,,,
802,0.4026263,,,
803,0.40458737,,,
804,0.40680701,,,
805,0.40921558,,,
806,0.41182711,,,
807,0.4145876,,,
808,0.41745002,,,
809,0.42037935,,,
810,0.42333845,,,
811,0.42629376,,,
812,0.42917168,,,
813,0.43196365,,,
814,0.43462396,,,
815,0.43714443,,,
816,0.43943024,,,
817,0.44146834,,,
818,0.44326371,,,
819,0.44475267,,,
820,0.44593667,,,
821,0.44677792,,,
822,0.44728195,,,
823,0.44743651,,,
824,0.44724255,,,
825,0.44669174,,,
826,0.4457928,,,
827,0.44457017,,,
828,0.4430349,,,
829,0.44120923,,,
830,0.43910854,,,
831,0.43677792,,,
832,0.43425296,,,
833,0.43156518,,,
834,0.4287378,,,
835,0.42582511,,,
836,0.4228783,,,
837,0.41990113,,,
838,0.41699314,,,
839,0.41415991,,,
840,0.41145195,,,
841,0.40890069,,,
842,0.40655494,,,
843,0.40445294,,,
844,0.40260577,,,
845,0.40106377,,,
846,0.39984295,,,
847,0.39895813,,,
848,0.39840812,,,
849,0.39823004,,,
850,0.39841131,,,
851,0.39895497,,,
852,0.39983636,,,
853,0.40107184,,,
854,0.40262749,,,
855,0.40446214,,,
856,0.40657447,,,
857,0.40893486,,,
858,0.41148358,,,
859,0.4141979,,,
860,0.41704929,,,
861,0.419973,,,
862,0.42293243,,,
863,0.4258776,,,
864,0.42878323,,,
865,0.43158569,,,
866,0.43425659,,,
867,0.43675154,,,
868,0.43901127,,,
869,0.44102653,,,
870,0.44274856,,,
871,0.44416253,,,
872,0.44525506,,,
873,0.44597726,,,
874,0.44635573,,,
875,0.4463612,,,
876,0.44600708,,,
877,0.445283,,,
878,0.44421424,,,
879,0.44280244,,,
880,0.44106163,,,
881,0.43905318,,,
882,0.43677308,,,
883,0.43428509,,,
884,0.43162222,,,
885,0.42881676,,,
886,0.42590891,,,
887,0.42294693,,,
888,0.4199712,,,
889,0.41708014,,,
890,0.41424413,,,
891,0.41156515,,,
892,0.40905061,,,
893,0.40672726,,,
894,0.40468557,,,
895,0.40291187,,,
896,0.40146817,,,
897,0.40037396,,,
898,0.39961858,,,
899,0.39923761,,,
900,0.39921925,,,
901,0.39959655,,,
902,0.40033504,,,
903,0.40142459,,,
904,0.40286954,,,
905,0.40459256,,,
906,0.40662519,,,
907,0.40892779,,,
908,0.41143032,,,
909,0.41412639,,,
910,0.41695137,,,
911,0.41987039,,,
912,0.42282349,,,
913,0.42580286,,,
914,0.42868748,,,
915,0.43147201,,,
916,0.43411478,,,
917,0.43658029,,,
918,0.43879604,,,
919,0.44073819,,,
920,0.44240519,,,
921,0.44371384,,,
922,0.44466644,,,
923,0.44525927,,,
924,0.44546447,,,
925,0.44530678,,,
926,0.44475548,,,
927,0.44383337,,,
928,0.44255902,,,
929,0.44094594,,,
930,0.43901415,,,
931,0.43682717,,,
932,0.43439596,,,
933,0.43177365,,,
934,0.42898428,,,
935,0.42608353,,,
936,0.42315496,,,
937,0.42019364,,,
938,0.41728266,,,
939,0.41446966,,,
940,0.41177812,,,
941,0.40926299,,,
942,0.40697876,,,
943,0.40499599,,,
944,0.403305,,,
945,0.40193067,,,
946,0.40092522,,,
947,0.40030522,,,
948,0.40008623,,,
949,0.40021076,,,
950,0.4007319,,,
951,0.40164746,,,
952,0.40289021,,,
953,0.40449519,,,
954,0.4064457,,,
955,0.40867611,,,
956,0.4111356,,,
957,0.41379603,,,
958,0.41658694,,,
959,0.41947613,,,
960,0.42241734,,,
961,0.42537047,,,
962,0.4282715,,,
963,0.43106898,,,
964,0.43371423,,,
965,0.43617543,,,
966,0.43836056,,,
967,0.4402995,,,
968,0.44191097,,,
969,0.44317552,,,
970,0.44404632,,,
971,0.4445568,,,
972,0.44465309,,,
973,0.44436067,,,
974,0.44369742,,,
975,0.44263356,,,
976,0.44120791,,,
977,0.43945068,,,
978,0.43740242,,,
979,0.43506619,,,
980,0.43250855,,,
981,0.42977281,,,
982,0.42692325,,,
983,0.42399077,,,
984,0.4210336,,,
985,0.41809997,,,
986,0.41525385,,,
987,0.41253164,,,
988,0.40997727,,,
989,0.4077025,,,
990,0.40567089,,,
991,0.40397292,,,
992,0.40263859,,,
993,0.40167781,,,
994,0.40106633,,,
995,0.40084349,,,
996,0.4010606,,,
997,0.40165877,,,
998,0.40264515,,,
999,0.40400613,,,
1000,0.40572231,,,
1001,0.40776218,,,
1002,0.41003865,,,
1003,0.41257998,,,
1004,0.41529545,,,
1005,0.41811636,,,
1006,0.42103568,,,
1007,0.42404614,,,
1008,0.42695854,,,
1009,0.42979795,,,
1010,0.43249379,,,
1011,0.43501388,,,
1012,0.43730317,,,
1013,0.43929399,,,
1014,0.44098334,,,
1015,0.44229721,,,
1016,0.44327547,,,
1017,0.44381354,,,
1018,0.44394142,,,
1019,0.44368463,,,
1020,0.44303108,,,
1021,0.44200049,,,
1022,0.44054192,,,
1023,0.43876014,,,
1024,0.43666115,,,
1025,0.43429848,,,
1026,0.43171461,,,
1027,0.42893968,,,
1028,0.42604415,,,
1029,0.42307635,,,
1030,0.42009217,,,
1031,0.4171696,,,
1032,0.41441141,,,
1033,0.41181482,,,
1034,0.40939353,,,
1035,0.40722864,,,
1036,0.40538433,,,
1037,0.40385394,,,
1038,0.40269077,,,
1039,0.40193257,,,
1040,0.40157445,,,
1041,0.40166228,,,
1042,0.40214633,,,
1043,0.40306796,,,
1044,0.40432648,,,
1045,0.40598093,,,
1046,0.407971,,,
1047,0.41020825,,,
1048,0.41272633,,,
1049,0.41542373,,,
1050,0.41830079,,,
1051,0.42124684,,,
1052,0.42421817,,,
1053,0.4271743,,,
1054,0.43003683,,,
1055,0.43269375,,,
1056,0.43517753,,,
1057,0.43739494,,,
1058,0.43932669,,,
1059,0.44092843,,,
1060,0.4421352,,,
1061,0.44297243,,,
1062,0.44338424,,,
1063,0.44338319,,,
1064,0.4429495,,,
1065,0.44209338,,,
1066,0.44083546,,,
1067,0.4392092,,,
1068,0.43725113,,,
1069,0.43498277,,,
1070,0.43245552,,,
1071,0.42974703,,,
1072,0.42688116,,,
1073,0.423981,,,
1074,0.42100112,,,
1075,0.41806939,,,
1076,0.41522949,,,
1077,0.41254556,,,
1078,0.41008871,,,
1079,0.40793822,,,
1080,0.40606869,,,
1081,0.40450431,,,
1082,0.40336801,,,
1083,0.40261556,,,
1084,0.40229989,,,
1085,0.40245265,,,
1086,0.40299892,,,
1087,0.40394376,,,
1088,0.40530595,,,
1089,0.40703472,,,
1090,0.40909708,,,
1091,0.4114436,,,
1092,0.41402153,,,
1093,0.41681647,,,
1094,0.41967617,,,
1095,0.42260296,,,
1096,0.42551275,,,
1097,0.42840568,,,
1098,0.43118288,,,
1099,0.43377788,,,
1100,0.4361166,,,
1101,0.43815616,,,
1102,0.43986516,,,
1103,0.44120276,,,
1104,0.4421208,,,
1105,0.44259023,,,
1106,0.44265502,,,
1107,0.44229369,,,
1108,0.44149427,,,
1109,0.44030861,,,
1110,0.43873897,,,
1111,0.4368177,,,
1112,0.43457067,,,
1113,0.43205948,,,
1114,0.42936633,,,
1115,0.42650941,,,
1116,0.42356881,,,
1117,0.42061732,,,
1118,0.41770407,,,
1119,0.41489577,,,
1120,0.41224097,,,
1121,0.40979791,,,
1122,0.40771711,,,
1123,0.40593014,,,
1124,0.40455666,,,
1125,0.40354431,,,
1126,0.40292801,,,
1127,0.40273716,,,
1128,0.40303183,,,
1129,0.40373172,,,
1130,0.40482937,,,
1131,0.40635213,,,
1132,0.40823269,,,
1133,0.41046645,,,
1134,0.4129965,,,
1135,0.41568828,,,
1136,0.41852272,,,
1137,0.42146794,,,
1138,0.42445496,,,
1139,0.42737145,,,
1140,0.43017018,,,
1141,0.43281401,,,
1142,0.43519878,,,
1143,0.43727197,,,
1144,0.43904733,,,
1145,0.44041759,,,
1146,0.44140032,,,
1147,0.44192476,,,
1148,0.44203911,,,
1149,0.44167495,,,
1150,0.44086518,,,
1151,0.4396649,,,
1152,0.43807093,,,
1153,0.4361069,,,
1154,0.43382732,,,
1155,0.43127557,,,
1156,0.4285137,,,
1157,0.42564488,,,
1158,0.42270387,,,
1159,0.41974132,,,
1160,0.41678564,,,
1161,0.41405279,,,
1162,0.41150376,,,
1163,0.40924736,,,
1164,0.40726289,,,
1165,0.40563827,,,
1166,0.40440721,,,
1167,0.40358403,,,
1168,0.40326161,,,
1169,0.40336002,,,
1170,0.4039331,,,
1171,0.40488871,,,
1172,0.406361,,,
1173,0.40813652,,,
1174,0.41023448,,,
1175,0.41268317,,,
1176,0.41534515,,,
1177,0.41816334,,,
1178,0.42108158,,,
1179,0.4240469,,,
1180,0.42696322,,,
1181,0.42980043,,,
1182,0.43247333,,,
1183,0.43489774,,,
1184,0.43699269,,,
1185,0.43871078,,,
1186,0.44010165,,,
1187,0.44107032,,,
1188,0.44157427,,,
1189,0.4415885,,,
1190,0.44117988,,,
1191,0.44031675,,,
1192,0.43902484,,,
1193,0.4373323,,,
1194,0.43534553,,,
1195,0.43297997,,,
1196,0.43032369,,,
1197,0.42755605,,,
1198,0.42466085,,,
1199,0.42165762,,,
1200,0.4187324,,,
1201,0.41591913,,,
1202,0.41328922,,,
1203,0.41085457,,,
1204,0.4087269,,,
1205,0.40689853,,,
1206,0.40550626,,,
1207,0.40451573,,,
1208,0.40400597,,,
1209,0.40395381,,,
1210,0.40433515,,,
1211,0.40519442,,,
1212,0.40649057,,,
1213,0.40817461,,,
1214,0.41020306,,,
1215,0.41259061,,,
1216,0.41520319,,,
1217,0.4179997,,,
1218,0.42090258,,,
1219,0.42385555,,,
1220,0.42678172,,,
1221,0.42962614,,,
1222,0.43230241,,,
1223,0.43467122,,,
1224,0.43677024,,,
1225,0.43850343,,,
1226,0.43986226,,,
1227,0.44074468,,,
1228,0.44119426,,,
1229,0.44122325,,,
1230,0.44072161,,,
1231,0.43979378,,,
1232,0.43836561,,,
1233,0.43661647,,,
1234,0.43448956,,,
1235,0.43201726,,,
1236,0.42934579,,,
1237,0.42647009,,,
1238,0.42356322,,,
1239,0.42060746,,,
1240,0.41767785,,,
1241,0.41492329,,,
1242,0.41233127,,,
1243,0.4099958,,,
1244,0.40801045,,,
1245,0.40642467,,,
1246,0.40521738,,,
1247,0.40457106,,,
1248,0.40436217,,,
1249,0.40461593,,,
1250,0.40538394,,,
1251,0.40654298,,,
1252,0.40813391,,,
1253,0.41014682,,,
1254,0.41249277,,,
1255,0.41505373,,,
1256,0.41785582,,,
1257,0.42080215,,,
1258,0.42379997,,,
1259,0.42666799,,,
1260,0.42945663,,,
1261,0.43212206,,,
1262,0.43449501,,,
1263,0.43661043,,,
1264,0.43831847,,,
1265,0.43963476,,,
1266,0.44048906,,,
1267,0.44084835,,,
1268,0.44078303,,,
1269,0.44024796,,,
1270,0.43921558,,,
1271,0.43774313,,,
1272,0.435868,,,
1273,0.43367338,,,
1274,0.43110228,,,
1275,0.42834607,,,
1276,0.42544008,,,
1277,0.42249527,,,
1278,0.41957835,,,
1279,0.41673659,,,
1280,0.41406013,,,
1281,0.41159268,,,
1282,0.40950211,,,
1283,0.40773495,,,
1284,0.40638967,,,
1285,0.40544108,,,
1286,0.40499311,,,
1287,0.40502282,,,
1288,0.40555248,,,
1289,0.4065253,,,
1290,0.40795183,,,
1291,0.40977739,,,
1292,0.4119776,,,
1293,0.41451779,,,
1294,0.4172737,,,
1295,0.42010434,,,
1296,0.42306341,,,
1297,0.42600892,,,
1298,0.42888516,,,
1299,0.43158665,,,
1300,0.43398828,,,
1301,0.43611333,,,
1302,0.4379035,,,
1303,0.43917103,,,
1304,0.43998366,,,
1305,0.44035928,,,
1306,0.44019018,,,
1307,0.43958072,,,
1308,0.43846523,,,
1309,0.43694575,,,
1310,0.43508842,,,
1311,0.43283831,,,
1312,0.43028966,,,
1313,0.42754988,,,
1314,0.42462839,,,
1315,0.42168441,,,
1316,0.41875681,,,
1317,0.41590583,,,
1318,0.41331774,,,
1319,0.41097165,,,
1320,0.40894225,,,
1321,0.40731778,,,
1322,0.40613599,,,
1323,0.40546982,,,
1324,0.40523434,,,
1325,0.40554606,,,
1326,0.40629118,,,
1327,0.40750798,,,
1328,0.40912323,,,
1329,0.41117816,,,
1330,0.4135931,,,
1331,0.41621763,,,
1332,0.41903688,,,
1333,0.4219755,,,
1334,0.42496138,,,
1335,0.42782648,,,
1336,0.43055659,,,
1337,0.43302918,,,
1338,0.43529599,,,
1339,0.43709714,,,
1340,0.4385216,,,
1341,0.4395208,,,
1342,0.44002985,,,
1343,0.43998806,,,
1344,0.43941189,,,
1345,0.43839069,,,
1346,0.43698414,,,
1347,0.43502924,,,
1348,0.43276384,,,
1349,0.43021034,,,
1350,0.42740401,,,
1351,0.42448574,,,
1352,0.42155787,,,
1353,0.4187043,,,
1354,0.41590765,,,
1355,0.41330292,,,
1356,0.41097233,,,
1357,0.40907509,,,
1358,0.40754998,,,
1359,0.40651313,,,
1360,0.40588714,,,
1361,0.40583377,,,
1362,0.40631422,,,
1363,0.40724501,,,
1364,0.40865093,,,
1365,0.41052389,,,
1366,0.41270153,,,
1367,0.41519581,,,
1368,0.41792496,,,
1369,0.42078775,,,
1370,0.42377433,,,
1371,0.42668431,,,
1372,0.4294819,,,
1373,0.43209925,,,
1374,0.43442472,,,
1375,0.43642626,,,
1376,0.43801841,,,
1377,0.43914648,,,
1378,0.43977584,,,
1379,0.43993235,,,
1380,0.43950274,,,
1381,0.43859605,,,
1382,0.43723165,,,
1383,0.43541904,,,
1384,0.43326246,,,
1385,0.43077082,,,
1386,0.42799626,,,
1387,0.42509387,,,
1388,0.42215727,,,
1389,0.41915966,,,
1390,0.41630311,,,
1391,0.41369891,,,
1392,0.41135043,,,
1393,0.40932292,,,
1394,0.40778821,,,
1395,0.40659659,,,
1396,0.40604407,,,
1397,0.40591001,,,
1398,0.4063268,,,
1399,0.40724568,,,
1400,0.40869713,,,
1401,0.41051458,,,
1402,0.41277666,,,
1403,0.41530375,,,
1404,0.41803827,,,
1405,0.42098188,,,
1406,0.42395884,,,
1407,0.42685814,,,
1408,0.42964525,,,
1409,0.43220167,,,
1410,0.43441452,,,
1411,0.43629397,,,
1412,0.43766728,,,
1413,0.43867637,,,
1414,0.43912992,,,
1415,0.43901494,,,
1416,0.43838033,,,
1417,0.43730378,,,
1418,0.43573269,,,
1419,0.43371566,,,
1420,0.4313681,,,
1421,0.42872215,,,
1422,0.42581276,,,
1423,0.42291851,,,
1424,0.41998264,,,
1425,0.41706358,,,
1426,0.41435142,,,
1427,0.41194602,,,
1428,0.40984522,,,
1429,0.40818247,,,
1430,0.40687773,,,
1431,0.40612621,,,
1432,0.40591382,,,
1433,0.40627346,,,
1434,0.40707785,,,
1435,0.40840415,,,
1436,0.41012498,,,
1437,0.41235582,,,
1438,0.41485273,,,
1439,0.41758762,,,
1440,0.42055139,,,
1441,0.42349397,,,
1442,0.42641769,,,
1443,0.42915385,,,
1444,0.43176548,,,
1445,0.43402414,,,
1446,0.43583429,,,
1447,0.43720734,,,
1448,0.4381442,,,
1449,0.43863953,,,
1450,0.43847718,,,
1451,0.4378475,,,
1452,0.43663963,,,
1453,0.43501767,,,
1454,0.43294025,,,
1455,0.43059989,,,
1456,0.42788959,,,
1457,0.42510364,,,
1458,0.42211419,,,
1459,0.41914883,,,
1460,0.41639567,,,
1461,0.41372921,,,
1462,0.41135362,,,
1463,0.40942236,,,
1464,0.40794922,,,
1465,0.40689689,,,
1466,0.40637599,,,
1467,0.40639109,,,
1468,0.4068774,,,
1469,0.40792946,,,
1470,0.40946496,,,
1471,0.41143045,,,
1472,0.41382232,,,
1473,0.41649003,,,
1474,0.41936659,,,
1475,0.42223472,,,
1476,0.42518803,,,
1477,0.42796834,,,
1478,0.43060282,,,
1479,0.43298326,,,
1480,0.43499742,,,
1481,0.43653486,,,
1482,0.43761387,,,
1483,0.43820283,,,
1484,0.43821116,,,
1485,0.43772736,,,
1486,0.43670099,,,
1487,0.43513398,,,
1488,0.43320225,,,
1489,0.43082301,,,
1490,0.42818287,,,
1491,0.42530649,,,
1492,0.4223926,,,
1493,0.41944213,,,
1494,0.41659504,,,
1495,0.41397111,,,
1496,0.41167146,,,
1497,0.40971027,,,
1498,0.40817419,,,
1499,0.40716044,,,
1500,0.40668378,,,
1501,0.40670895,,,
1502,0.4073501,,,
1503,0.40845243,,,
1504,0.41003279,,,
1505,0.41201657,,,
1506,0.41446669,,,
1507,0.41721786,,,
1508,0.4200058,,,
1509,0.42289814,,,
1510,0.42584512,,,
1511,0.42864466,,,
1512,0.43118837,,,
1513,0.43341951,,,
1514,0.43530094,,,
1515,0.43675883,,,
1516,0.43764822,,,
1517,0.43796697,,,
1518,0.4377529,,,
1519,0.43701955,,,
1520,0.43578612,,,
1521,0.43409936,,,
1522,0.43185529,,,
1523,0.42934966,,,
1524,0.42654777,,,
1525,0.42358072,,,
1526,0.42061997,,,
1527,0.41767641,,,
1528,0.41490477,,,
1529,0.41246387,,,
1530,0.4102956,,,
1531,0.40863536,,,
1532,0.4074561,,,
1533,0.40672402,,,
1534,0.406637,,,
1535,0.40710102,,,
1536,0.40806573,,,
1537,0.40954668,,,
1538,0.41151746,,,
1539,0.41379981,,,
1540,0.41640967,,,
1541,0.41930497,,,
1542,0.42222147,,,
1543,0.42523208,,,
1544,0.42811021,,,
1545,0.43070365,,,
1546,0.43299102,,,
1547,0.43497292,,,
1548,0.43634509,,,
1549,0.43729066,,,
1550,0.43769104,,,
1551,0.43744809,,,
1552,0.43674685,,,
1553,0.43555268,,,
1554,0.43382281,,,
1555,0.43165178,,,
1556,0.42912873,,,
1557,0.4264673,,,
1558,0.42358319,,,
1559,0.4205941,,,
1560,0.4176594,,,
1561,0.41502843,,,
1562,0.41264768,,,
1563,0.41055756,,,
1564,0.40886679,,,
1565,0.40768655,,,
1566,0.40710342,,,
1567,0.40707926,,,
1568,0.40758994,,,
1569,0.40879303,,,
1570,0.41038749,,,
1571,0.41241225,,,
1572,0.41478584,,,
1573,0.41746494,,,
1574,0.42047196,,,
1575,0.42341145,,,
1576,0.4263539,,,
1577,0.42906744,,,
1578,0.43159461,,,
1579,0.43373497,,,
1580,0.43551348,,,
1581,0.43665823,,,
1582,0.43738135,,,
1583,0.43748965,,,
1584,0.43706022,,,
1585,0.43599643,,,
1586,0.43445447,,,
1587,0.43242847,,,
1588,0.43001266,,,
1589,0.42735195,,,
1590,0.42450587,,,
1591,0.42158344,,,
1592,0.41856171,,,
1593,0.41574108,,,
1594,0.41319387,,,
1595,0.41098884,,,
1596,0.40928964,,,
1597,0.40805299,,,
1598,0.40731328,,,
1599,0.40719172,,,
1600,0.40757484,,,
1601,0.40863482,,,
1602,0.41012137,,,
1603,0.41212587,,,
1604,0.41463441,,,
1605,0.41734564,,,
1606,0.42019977,,,
1607,0.42319664,,,
1608,0.42614714,,,
1609,0.42892351,,,
1610,0.4314683,,,
1611,0.43370841,,,
1612,0.43545617,,,
1613,0.43665771,,,
1614,0.43729462,,,
1615,0.43731628,,,
1616,0.43684381,,,
1617,0.43574638,,,
1618,0.43415279,,,
1619,0.43208414,,,
1620,0.42967838,,,
1621,0.4269112,,,
1622,0.42405079,,,
1623,0.42106408,,,
1624,0.41822598,,,
1625,0.4156651,,,
1626,0.41325804,,,
1627,0.41119225,,,
1628,0.40960617,,,
1629,0.40850757,,,
1630,0.40794319,,,
1631,0.40790735,,,
1632,0.40855637,,,
1633,0.40976124,,,
1634,0.41139279,,,
1635,0.4136371,,,
1636,0.41618389,,,
1637,0.41888763,,,
1638,0.42180165,,,
1639,0.42473625,,,
1640,0.42759168,,,
1641,0.43032908,,,
1642,0.43272612,,,
1643,0.43457714,,,
1644,0.43610526,,,
1645,0.43706528,,,
1646,0.43745008,,,
1647,0.43724447,,,
1648,0.43632303,,,
1649,0.43491661,,,
1650,0.43308991,,,
1651,0.43077596,,,
1652,0.42817861,,,
1653,0.42525624,,,
1654,0.42230304,,,
1655,0.41930578,,,
1656,0.41648581,,,
1657,0.41387373,,,
1658,0.41159113,,,
1659,0.40991589,,,
1660,0.40868412,,,
1661,0.40796724,,,
1662,0.40799886,,,
1663,0.40856683,,,
1664,0.40972439,,,
1665,0.41137742,,,
1666,0.4134965,,,
1667,0.4160072,,,
1668,0.41874735,,,
1669,0.4216539,,,
1670,0.42463719,,,
1671,0.42750925,,,
1672,0.43010487,,,
1673,0.43256865,,,
1674,0.43457599,,,
1675,0.43603338,,,
1676,0.43691372,,,
1677,0.43719683,,,
1678,0.43691869,,,
1679,0.43605465,,,
1680,0.43462578,,,
1681,0.43277972,,,
1682,0.43038492,,,
1683,0.42772291,,,
1684,0.4249008,,,
1685,0.42194409,,,
1686,0.41900993,,,
1687,0.41614934,,,
1688,0.41367477,,,
1689,0.41159672,,,
1690,0.40983026,,,
1691,0.40872939,,,
1692,0.40818947,,,
1693,0.40834095,,,
1694,0.40901252,,,
1695,0.41039857,,,
1696,0.41214826,,,
1697,0.41444792,,,
1698,0.41705054,,,
1699,0.41991139,,,
1700,0.42292512,,,
1701,0.42584281,,,
1702,0.42860786,,,
1703,0.4312308,,,
1704,0.43342036,,,
1705,0.43509355,,,
1706,0.43631521,,,
1707,0.4369596,,,
1708,0.4369591,,,
1709,0.43644562,,,
1710,0.43517146,,,
1711,0.43351242,,,
1712,0.43134037,,,
1713,0.42878334,,,
1714,0.42588386,,,
1715,0.42290545,,,
1716,0.41999159,,,
1717,0.41710697,,,
1718,0.41458208,,,
1719,0.41229921,,,
1720,0.41048434,,,
1721,0.40918556,,,
1722,0.40852914,,,
1723,0.40843884,,,
1724,0.40902457,,,
1725,0.41017598,,,
1726,0.41178424,,,
1727,0.41392245,,,
1728,0.41642983,,,
1729,0.41912683,,,
1730,0.42207507,,,
1731,0.42509104,,,
1732,0.42793206,,,
1733,0.43059128,,,
1734,0.43284715,,,
1735,0.43473123,,,
1736,0.43603884,,,
1737,0.43671806,,,
1738,0.43676513,,,
1739,0.43611872,,,
1740,0.4349489,,,
1741,0.43328897,,,
1742,0.43115514,,,
1743,0.42858649,,,
1744,0.42575289,,,
1745,0.42279533,,,
1746,0.41981438,,,
1747,0.41708231,,,
1748,0.41451543,,,
1749,0.41230306,,,
1750,0.41046556,,,
1751,0.40921098,,,
1752,0.40855194,,,
1753,0.40857036,,,
1754,0.40924137,,,
1755,0.41049565,,,
1756,0.4122299,,,
1757,0.41446167,,,
1758,0.41708166,,,
1759,0.41998948,,,
1760,0.42292296,,,
1761,0.42584761,,,
1762,0.42856085,,,
1763,0.43110135,,,
1764,0.43329591,,,
1765,0.4348359,,,
1766,0.43595939,,,
1767,0.43645117,,,
1768,0.43629835,,,
1769,0.43548949,,,
1770,0.43417415,,,
1771,0.43227304,,,
1772,0.42985945,,,
1773,0.42729654,,,
1774,0.42435346,,,
1775,0.42131009,,,
1776,0.41847975,,,
1777,0.41571,,,
1778,0.41330615,,,
1779,0.41122226,,,
1780,0.40977377,,,
1781,0.408903,,,
1782,0.40852697,,,
1783,0.40890127,,,
1784,0.40995946,,,
1785,0.41155608,,,
1786,0.41362557,,,
1787,0.41617103,,,
1788,0.41905721,,,
1789,0.42190517,,,
1790,0.42487569,,,
1791,0.42767329,,,
1792,0.43034915,,,
1793,0.43255981,,,
1794,0.43433534,,,
1795,0.43561283,,,
1796,0.43619661,,,
1797,0.43621472,,,
1798,0.43558465,,,
1799,0.43430167,,,
1800,0.43251175,,,
1801,0.43026179,,,
1802,0.42758947,,,
1803,0.424823,,,
1804,0.42180178,,,
1805,0.41880266,,,
1806,0.41603716,,,
1807,0.41353754,,,
1808,0.41150472,,,
1809,0.4099487,,,
1810,0.40907646,,,
1811,0.40875664,,,
1812,0.40907473,,,
1813,0.41007077,,,
1814,0.41177833,,,
1815,0.41382182,,,
1816,0.41636348,,,
1817,0.41919121,,,
1818,0.42208551,,,
1819,0.42495294,,,
1820,0.42776802,,,
1821,0.43043944,,,
1822,0.43267726,,,
1823,0.4343608,,,
1824,0.43546608,,,
1825,0.43608877,,,
1826,0.43591582,,,
1827,0.43507536,,,
1828,0.43363109,,,
1829,0.43162102,,,
1830,0.42934327,,,
1831,0.42658737,,,
1832,0.42375972,,,
1833,0.42086628,,,
1834,0.41805983,,,
1835,0.41547357,,,
1836,0.41326365,,,
1837,0.41132281,,,
1838,0.41004264,,,
1839,0.40932917,,,
1840,0.40917008,,,
1841,0.40979342,,,
1842,0.41100932,,,
1843,0.41282271,,,
1844,0.41513418,,,
1845,0.41763789,,,
1846,0.42044919,,,
1847,0.42333653,,,
1848,0.42621267,,,
1849,0.42897838,,,
1850,0.43139299,,,
1851,0.43328092,,,
1852,0.43477785,,,
1853,0.43563059,,,
1854,0.43579367,,,
1855,0.43523997,,,
1856,0.43412027,,,
1857,0.43243052,,,
1858,0.43022177,,,
1859,0.42769726,,,
1860,0.42492515,,,
1861,0.42204585,,,
1862,0.41906684,,,
1863,0.41620671,,,
1864,0.41384952,,,
1865,0.41195591,,,
1866,0.41057293,,,
1867,0.40966721,,,
1868,0.40948061,,,
1869,0.40990375,,,
1870,0.41111246,,,
1871,0.41274069,,,
1872,0.41501957,,,
1873,0.41759653,,,
1874,0.42036069,,,
1875,0.42337113,,,
1876,0.42635771,,,
1877,0.42917016,,,
1878,0.4315342,,,
1879,0.43364225,,,
1880,0.43509472,,,
1881,0.4359566,,,
1882,0.43621992,,,
1883,0.43594951,,,
1884,0.43492756,,,
1885,0.43344376,,,
1886,0.43125901,,,
1887,0.42874118,,,
1888,0.42595409,,,
1889,0.42292549,,,
1890,0.42000214,,,
1891,0.41719151,,,
1892,0.41474619,,,
1893,0.41270515,,,
1894,0.41128437,,,
1895,0.41039523,,,
1896,0.41021531,,,
1897,0.41080921,,,
1898,0.41191362,,,
1899,0.41364347,,,
1900,0.41590382,,,
1901,0.41860892,,,
1902,0.42139053,,,
1903,0.42438196,,,
1904,0.4274754,,,
1905,0.43032432,,,
1906,0.43279607,,,
1907,0.43491238,,,
1908,0.43630027,,,
1909,0.43699284,,,
1910,0.43714723,,,
1911,0.43656888,,,
1912,0.43540846,,,
1913,0.43356027,,,
1914,0.43116892,,,
1915,0.42855555,,,
1916,0.42566186,,,
1917,0.42262322,,,
1918,0.41973029,,,
1919,0.41703778,,,
1920,0.41472242,,,
1921,0.41290216,,,
1922,0.41164987,,,
1923,0.41107347,,,
1924,0.4110508,,,
1925,0.41180314,,,
1926,0.41319412,,,
1927,0.41509154,,,
1928,0.41750093,,,
1929,0.42013315,,,
1930,0.42305962,,,
1931,0.42593379,,,
1932,0.42874324,,,
1933,0.43128587,,,
1934,0.43353318,,,
1935,0.43515394,,,
1936,0.43629098,,,
1937,0.43661233,,,
1938,0.43649374,,,
1939,0.43563587,,,
1940,0.43399559,,,
1941,0.4319067,,,
1942,0.42935114,,,
1943,0.42651648,,,
1944,0.4234267,,,
1945,0.42042419,,,
1946,0.41758453,,,
1947,0.41509278,,,
1948,0.41319825,,,
1949,0.41192893,,,
1950,0.41110423,,,
1951,0.41096579,,,
1952,0.41160034,,,
1953,0.41284222,,,
1954,0.41458963,,,
1955,0.41671303,,,
1956,0.41943619,,,
1957,0.42235801,,,
1958,0.4252912,,,
1959,0.42809577,,,
1960,0.43079256,,,
1961,0.43300599,,,
1962,0.43472526,,,
1963,0.43578391,,,
1964,0.43630385,,,
1965,0.43611595,,,
1966,0.43508446,,,
1967,0.43347901,,,
1968,0.43126529,,,
1969,0.42861762,,,
1970,0.42584171,,,
1971,0.42303917,,,
1972,0.41993245,,,
1973,0.41720424,,,
1974,0.41468816,,,
1975,0.4128267,,,
1976,0.41141138,,,
1977,0.41064299,,,
1978,0.41069036,,,
1979,0.41128136,,,
1980,0.41247981,,,
1981,0.41438159,,,
1982,0.41664715,,,
1983,0.41941959,,,
1984,0.42232989,,,
1985,0.42529873,,,
1986,0.42810119,,,
1987,0.43068414,,,
1988,0.43270791,,,
1989,0.43430644,,,
1990,0.43526519,,,
1991,0.43554446,,,
1992,0.43506125,,,
1993,0.43399085,,,
1994,0.43230094,,,
1995,0.43011643,,,
1996,0.4275945,,,
1997,0.4246704,,,
1998,0.42153931,,,
1999,0.41855477,,,
2000,0.41591512,,,
2001,0.41370082,,,
2002,0.41198858,,,
2003,0.4107974,,,
2004,0.4102214,,,
2005,0.4102882,,,
2006,0.41104673,,,
2007,0.41257087,,,
2008,0.41464014,,,
2009,0.41719793,,,
2010,0.41993163,,,
2011,0.4228513,,,
2012,0.42583452,,,
2013,0.42856988,,,
2014,0.4309962,,,
2015,0.43289891,,,
2016,0.43425327,,,
2017,0.43506837,,,
2018,0.4349669,,,
2019,0.43413902,,,
2020,0.43278976,,,
2021,0.43075107,,,
2022,0.42850565,,,
2023,0.42586624,,,
2024,0.42276719,,,
2025,0.41976819,,,
2026,0.41694408,,,
2027,0.4145492,,,
2028,0.412577,,,
2029,0.41122135,,,
2030,0.41046229,,,
2031,0.41036025,,,
2032,0.41085342,,,
2033,0.41218175,,,
2034,0.41413538,,,
2035,0.41641054,,,
2036,0.41932625,,,
2037,0.42222601,,,
2038,0.42507523,,,
2039,0.42776928,,,
2040,0.43026919,,,
2041,0.43233294,,,
2042,0.43384205,,,
2043,0.43459614,,,
2044,0.434717,,,
2045,0.43415962,,,
2046,0.43284409,,,
2047,0.43098191,,,
2048,0.42847734,,,
2049,0.42574174,,,
2050,0.42293062,,,
2051,0.41983031,,,
2052,0.4170042,,,
2053,0.41445884,,,
2054,0.41239097,,,
2055,0.41095474,,,
2056,0.41009496,,,
2057,0.40996315,,,
2058,0.41056583,,,
2059,0.41178843,,,
2060,0.41353344,,,
2061,0.41591405,,,
2062,0.4185786,,,
2063,0.42152583,,,
2064,0.4246757,,,
2065,0.42734773,,,
2066,0.42967602,,,
2067,0.43174178,,,
2068,0.4332827,,,
2069,0.43406256,,,
2070,0.43402912,,,
2071,0.43338717,,,
2072,0.43211624,,,
2073,0.4301272,,,
2074,0.42771396,,,
2075,0.42506868,,,
2076,0.42211096,,,
2077,0.41914849,,,
2078,0.41642977,,,
2079,0.41399965,,,
2080,0.41214418,,,
2081,0.41087426,,,
2082,0.41018202,,,
2083,0.41025279,,,
2084,0.41117374,,,
2085,0.41271912,,,
2086,0.41493733,,,
2087,0.41745643,,,
2088,0.4202476,,,
2089,0.42339835,,,
2090,0.42643918,,,
2091,0.42925604,,,
2092,0.431404,,,
2093,0.43326875,,,
2094,0.43456787,,,
2095,0.4350391,,,
2096,0.43478742,,,
2097,0.4338765,,,
2098,0.43238733,,,
2099,0.4302411,,,
2100,0.42771553,,,
2101,0.42483521,,,
2102,0.42181584,,,
2103,0.41878163,,,
2104,0.41609899,,,
2105,0.41380826,,,
2106,0.41219799,,,
2107,0.41106629,,,
2108,0.41089111,,,
2109,0.41140251,,,
2110,0.4126118,,,
2111,0.41441259,,,
2112,0.41660572,,,
2113,0.4193946,,,
2114,0.42233018,,,
2115,0.42520481,,,
2116,0.42790334,,,
2117,0.4304527,,,
2118,0.43256325,,,
2119,0.43396319,,,
2120,0.43480488,,,
2121,0.43489061,,,
2122,0.43415199,,,
2123,0.43272852,,,
2124,0.43079656,,,
2125,0.42853891,,,
